filename,iati-activity,iati-activity@default-currency,iati-activity@hierarchy,iati-activity@humanitarian,iati-activity@last-updated-datetime,iati-activity@linked-data-uri,iati-activity@{http://www.w3.org/XML/1998/namespace}lang,iati-activity/iati-identifier[1],iati-activity/reporting-org[1],iati-activity/reporting-org[1]@ref,iati-activity/reporting-org[1]@type,iati-activity/title[1],iati-activity/description[1],iati-activity/description[1]@type,iati-activity/description[2],iati-activity/description[2]@type,iati-activity/description[3],iati-activity/description[3]@type,iati-activity/description[4],iati-activity/description[4]@type,iati-activity/participating-org[10],iati-activity/participating-org[10]@activity-id,iati-activity/participating-org[10]@ref,iati-activity/participating-org[10]@role,iati-activity/participating-org[10]@type,iati-activity/participating-org[1],iati-activity/participating-org[1]@activity-id,iati-activity/participating-org[1]@crs-channel-code,iati-activity/participating-org[1]@ref,iati-activity/participating-org[1]@role,iati-activity/participating-org[1]@type,iati-activity/participating-org[2],iati-activity/participating-org[2]@activity-id,iati-activity/participating-org[2]@crs-channel-code,iati-activity/participating-org[2]@ref,iati-activity/participating-org[2]@role,iati-activity/participating-org[2]@type,iati-activity/participating-org[3],iati-activity/participating-org[3]@activity-id,iati-activity/participating-org[3]@crs-channel-code,iati-activity/participating-org[3]@ref,iati-activity/participating-org[3]@role,iati-activity/participating-org[3]@type,iati-activity/participating-org[4],iati-activity/participating-org[4]@activity-id,iati-activity/participating-org[4]@crs-channel-code,iati-activity/participating-org[4]@ref,iati-activity/participating-org[4]@role,iati-activity/participating-org[4]@type,iati-activity/participating-org[5],iati-activity/participating-org[5]@activity-id,iati-activity/participating-org[5]@crs-channel-code,iati-activity/participating-org[5]@ref,iati-activity/participating-org[5]@role,iati-activity/participating-org[5]@type,iati-activity/participating-org[6],iati-activity/participating-org[6]@activity-id,iati-activity/participating-org[6]@crs-channel-code,iati-activity/participating-org[6]@ref,iati-activity/participating-org[6]@role,iati-activity/participating-org[6]@type,iati-activity/participating-org[7],iati-activity/participating-org[7]@ref,iati-activity/participating-org[7]@role,iati-activity/participating-org[7]@type,iati-activity/participating-org[8],iati-activity/participating-org[8]@ref,iati-activity/participating-org[8]@role,iati-activity/participating-org[8]@type,iati-activity/participating-org[9],iati-activity/participating-org[9]@ref,iati-activity/participating-org[9]@role,iati-activity/participating-org[9]@type,iati-activity/activity-status[1],iati-activity/activity-status[1]@code,iati-activity/activity-date[1],iati-activity/activity-date[1]@iso-date,iati-activity/activity-date[1]@type,iati-activity/activity-date[2],iati-activity/activity-date[2]@iso-date,iati-activity/activity-date[2]@type,iati-activity/activity-date[3],iati-activity/activity-date[3]@iso-date,iati-activity/activity-date[3]@type,iati-activity/activity-date[4],iati-activity/activity-date[4]@iso-date,iati-activity/activity-date[4]@type,iati-activity/contact-info[1],iati-activity/contact-info[1]@type,iati-activity/activity-scope[1],iati-activity/activity-scope[1]@code,iati-activity/recipient-country[10],iati-activity/recipient-country[10]@code,iati-activity/recipient-country[10]@percentage,iati-activity/recipient-country[1],iati-activity/recipient-country[1]@code,iati-activity/recipient-country[1]@percentage,iati-activity/recipient-country[2],iati-activity/recipient-country[2]@code,iati-activity/recipient-country[2]@percentage,iati-activity/recipient-country[3],iati-activity/recipient-country[3]@code,iati-activity/recipient-country[3]@percentage,iati-activity/recipient-country[4],iati-activity/recipient-country[4]@code,iati-activity/recipient-country[4]@percentage,iati-activity/recipient-country[5],iati-activity/recipient-country[5]@code,iati-activity/recipient-country[5]@percentage,iati-activity/recipient-country[6],iati-activity/recipient-country[6]@code,iati-activity/recipient-country[6]@percentage,iati-activity/recipient-country[7],iati-activity/recipient-country[7]@code,iati-activity/recipient-country[7]@percentage,iati-activity/recipient-country[8],iati-activity/recipient-country[8]@code,iati-activity/recipient-country[8]@percentage,iati-activity/recipient-country[9],iati-activity/recipient-country[9]@code,iati-activity/recipient-country[9]@percentage,iati-activity/recipient-region[1],iati-activity/recipient-region[1]@code,iati-activity/recipient-region[1]@percentage,iati-activity/recipient-region[1]@vocabulary,iati-activity/recipient-region[2],iati-activity/recipient-region[2]@code,iati-activity/recipient-region[2]@percentage,iati-activity/recipient-region[2]@vocabulary,iati-activity/location[10],iati-activity/location[1],iati-activity/location[2],iati-activity/location[3],iati-activity/location[4],iati-activity/location[5],iati-activity/location[6],iati-activity/location[7],iati-activity/location[8],iati-activity/location[9],iati-activity/sector[1],iati-activity/sector[1]@code,iati-activity/sector[1]@percentage,iati-activity/sector[1]@vocabulary,iati-activity/sector[1]@vocabulary-uri,iati-activity/sector[2],iati-activity/sector[2]@code,iati-activity/sector[2]@percentage,iati-activity/sector[2]@vocabulary,iati-activity/sector[3],iati-activity/sector[3]@code,iati-activity/sector[3]@percentage,iati-activity/sector[3]@vocabulary,iati-activity/sector[4],iati-activity/sector[4]@code,iati-activity/sector[4]@percentage,iati-activity/sector[4]@vocabulary,iati-activity/sector[5],iati-activity/sector[5]@code,iati-activity/sector[5]@percentage,iati-activity/sector[5]@vocabulary,iati-activity/tag[1],iati-activity/tag[1]@code,iati-activity/tag[1]@vocabulary,iati-activity/humanitarian-scope[1],iati-activity/humanitarian-scope[1]@code,iati-activity/humanitarian-scope[1]@type,iati-activity/humanitarian-scope[1]@vocabulary,iati-activity/humanitarian-scope[2],iati-activity/humanitarian-scope[2]@code,iati-activity/humanitarian-scope[2]@type,iati-activity/humanitarian-scope[2]@vocabulary,iati-activity/policy-marker[10],iati-activity/policy-marker[10]@code,iati-activity/policy-marker[10]@significance,iati-activity/policy-marker[10]@vocabulary,iati-activity/policy-marker[1],iati-activity/policy-marker[1]@code,iati-activity/policy-marker[1]@significance,iati-activity/policy-marker[1]@vocabulary,iati-activity/policy-marker[2],iati-activity/policy-marker[2]@code,iati-activity/policy-marker[2]@significance,iati-activity/policy-marker[2]@vocabulary,iati-activity/policy-marker[3],iati-activity/policy-marker[3]@code,iati-activity/policy-marker[3]@significance,iati-activity/policy-marker[3]@vocabulary,iati-activity/policy-marker[4],iati-activity/policy-marker[4]@code,iati-activity/policy-marker[4]@significance,iati-activity/policy-marker[4]@vocabulary,iati-activity/policy-marker[5],iati-activity/policy-marker[5]@code,iati-activity/policy-marker[5]@significance,iati-activity/policy-marker[5]@vocabulary,iati-activity/policy-marker[6],iati-activity/policy-marker[6]@code,iati-activity/policy-marker[6]@significance,iati-activity/policy-marker[6]@vocabulary,iati-activity/policy-marker[7],iati-activity/policy-marker[7]@code,iati-activity/policy-marker[7]@significance,iati-activity/policy-marker[7]@vocabulary,iati-activity/policy-marker[8],iati-activity/policy-marker[8]@code,iati-activity/policy-marker[8]@significance,iati-activity/policy-marker[8]@vocabulary,iati-activity/policy-marker[9],iati-activity/policy-marker[9]@code,iati-activity/policy-marker[9]@significance,iati-activity/policy-marker[9]@vocabulary,iati-activity/collaboration-type[1],iati-activity/collaboration-type[1]@code,iati-activity/default-flow-type[1],iati-activity/default-flow-type[1]@code,iati-activity/default-finance-type[1],iati-activity/default-finance-type[1]@code,iati-activity/default-aid-type[1],iati-activity/default-aid-type[1]@code,iati-activity/default-aid-type[1]@vocabulary,iati-activity/default-aid-type[2],iati-activity/default-aid-type[2]@code,iati-activity/default-aid-type[2]@vocabulary,iati-activity/default-tied-status[1],iati-activity/default-tied-status[1]@code,iati-activity/budget[1],iati-activity/budget[1]@status,iati-activity/budget[1]@type,iati-activity/budget[2],iati-activity/budget[2]@status,iati-activity/budget[2]@type,iati-activity/budget[3],iati-activity/budget[3]@status,iati-activity/budget[3]@type,iati-activity/budget[4],iati-activity/budget[4]@status,iati-activity/budget[4]@type,iati-activity/budget[5],iati-activity/budget[5]@status,iati-activity/budget[5]@type,iati-activity/budget[6],iati-activity/budget[6]@status,iati-activity/budget[6]@type,iati-activity/planned-disbursement[1],iati-activity/planned-disbursement[1]@type,iati-activity/transaction[10],iati-activity/transaction[10]@humanitarian,iati-activity/transaction[10]@ref,iati-activity/transaction[1],iati-activity/transaction[1]@humanitarian,iati-activity/transaction[1]@ref,iati-activity/transaction[2],iati-activity/transaction[2]@humanitarian,iati-activity/transaction[2]@ref,iati-activity/transaction[3],iati-activity/transaction[3]@humanitarian,iati-activity/transaction[3]@ref,iati-activity/transaction[4],iati-activity/transaction[4]@humanitarian,iati-activity/transaction[4]@ref,iati-activity/transaction[5],iati-activity/transaction[5]@humanitarian,iati-activity/transaction[5]@ref,iati-activity/transaction[6],iati-activity/transaction[6]@humanitarian,iati-activity/transaction[6]@ref,iati-activity/transaction[7],iati-activity/transaction[7]@humanitarian,iati-activity/transaction[7]@ref,iati-activity/transaction[8],iati-activity/transaction[8]@humanitarian,iati-activity/transaction[8]@ref,iati-activity/transaction[9],iati-activity/transaction[9]@humanitarian,iati-activity/transaction[9]@ref,iati-activity/document-link[10],iati-activity/document-link[10]@format,iati-activity/document-link[10]@url,iati-activity/document-link[1],iati-activity/document-link[1]@format,iati-activity/document-link[1]@url,iati-activity/document-link[2],iati-activity/document-link[2]@format,iati-activity/document-link[2]@url,iati-activity/document-link[3],iati-activity/document-link[3]@format,iati-activity/document-link[3]@url,iati-activity/document-link[4],iati-activity/document-link[4]@format,iati-activity/document-link[4]@url,iati-activity/document-link[5],iati-activity/document-link[5]@format,iati-activity/document-link[5]@url,iati-activity/document-link[6],iati-activity/document-link[6]@format,iati-activity/document-link[6]@url,iati-activity/document-link[7],iati-activity/document-link[7]@format,iati-activity/document-link[7]@url,iati-activity/document-link[8],iati-activity/document-link[8]@format,iati-activity/document-link[8]@url,iati-activity/document-link[9],iati-activity/document-link[9]@format,iati-activity/document-link[9]@url,iati-activity/related-activity[10],iati-activity/related-activity[10]@ref,iati-activity/related-activity[10]@type,iati-activity/related-activity[1],iati-activity/related-activity[1]@ref,iati-activity/related-activity[1]@type,iati-activity/related-activity[2],iati-activity/related-activity[2]@ref,iati-activity/related-activity[2]@type,iati-activity/related-activity[3],iati-activity/related-activity[3]@ref,iati-activity/related-activity[3]@type,iati-activity/related-activity[4],iati-activity/related-activity[4]@ref,iati-activity/related-activity[4]@type,iati-activity/related-activity[5],iati-activity/related-activity[5]@ref,iati-activity/related-activity[5]@type,iati-activity/related-activity[6],iati-activity/related-activity[6]@ref,iati-activity/related-activity[6]@type,iati-activity/related-activity[7],iati-activity/related-activity[7]@ref,iati-activity/related-activity[7]@type,iati-activity/related-activity[8],iati-activity/related-activity[8]@ref,iati-activity/related-activity[8]@type,iati-activity/related-activity[9],iati-activity/related-activity[9]@ref,iati-activity/related-activity[9]@type,iati-activity/result[10],iati-activity/result[10]@aggregation-status,iati-activity/result[10]@type,iati-activity/result[1],iati-activity/result[1]@aggregation-status,iati-activity/result[1]@type,iati-activity/result[2],iati-activity/result[2]@aggregation-status,iati-activity/result[2]@type,iati-activity/result[3],iati-activity/result[3]@aggregation-status,iati-activity/result[3]@type,iati-activity/result[4],iati-activity/result[4]@aggregation-status,iati-activity/result[4]@type,iati-activity/result[5],iati-activity/result[5]@aggregation-status,iati-activity/result[5]@type,iati-activity/result[6],iati-activity/result[6]@aggregation-status,iati-activity/result[6]@type,iati-activity/result[7],iati-activity/result[7]@aggregation-status,iati-activity/result[7]@type,iati-activity/result[8],iati-activity/result[8]@aggregation-status,iati-activity/result[8]@type,iati-activity/result[9],iati-activity/result[9]@aggregation-status,iati-activity/result[9]@type
drc-activities,"
    ",DKK,1,1,2021-03-02T11:00:40+00:00,,en,DK-CVR-20699310-DF20381,"
      ",DK-CVR-20699310,21,"
      ","
      ",1,,,,,,,,,,,,"
      ",,,GB-CHC-1065972,4,21,"
      ",GB-COH-213890-82604014,,GB-COH-213890,4,21,"
      ",GB-GOV-1-300461-103,,GB-GOV-1,1,10,"
      ",,,DK-CVR-20699310,2,21,"
      ",,,DK-CVR-20699310,1,21,"
      ",,,DK-CVR-20699310,4,21,,,,,,,,,,,,,,2,,2018-05-31,1,,2021-03-31,3,,,,,,,"
      ",1,,2,,,,,,,,,,,,,,,,,,,,,,,,,,,,,,,,298,100,1,,,,,,,,,,,,,,,,72050,100,1,,,,,,,,,,,,,,,,,,,,,,,,,,,,,,,,,,1,0,1,,2,0,1,,3,0,1,,4,0,1,,,,,,,,,,,,,,,,,,,,,,,,30,,110,,,,,,,,5,"
      ",1,1,"
      ",1,1,"
      ",2,2,,,,,,,,,,,,"
      ",,,"
      ",,,"
      ",,,"
      ",,,"
      ",,,"
      ",,,"
      ",,,"
      ",,,"
      ",,,"
      ",,,,,,,,,,,,,,,,,,,,,,,,,,,,,,,,,,,,,,,,,,,,,,,,,,,,,,,,,,,,,,,,,,,,,,,,,,,,,,,,,,,,,,,,,,,,
drc-activities,"
    ",DKK,1,1,2019-05-02T13:14:34+00:00,,en,DK-CVR-20699310-DF18695,"
      ",DK-CVR-20699310,21,"
      ","
      ",1,,,,,,,,,,,,"
      ",,,GB-CHC-1076822,4,21,"
      ",GB-CHC-1065972-DF184,,GB-CHC-1065972,4,21,"
      ",GB-CHC-1047501-UG-West_Nile,,GB-CHC-1047501,4,21,"
      ",GB-GOV-1-300357-104,,GB-GOV-1,1,10,"
      ",,,,4,21,"
      ",,,DK-CVR-20699310,2,21,,,,,,,,,,,,,,4,"
      ",2017-07-01,2,,2018-05-31,3,,,,,,,"
      ",1,,,,,,,UG,100,,,,,,,,,,,,,,,,,,,,,,,,,,,,,,,,,,,,,,,,,,,,72050,100,1,,,,,,,,,,,,,,,,,,,,,,,,,,,,,,,,,,,,,,,,,,,,,,,,,,,,,,,,,,,,,,,,,,,,,,1,,30,,110,,C01,1,,,,,5,"
      ",2,2,,,,,,,,,,,,,,,,,,"
      ",1,,"
      ",,,"
      ",,,"
      ",,,"
      ",1,,"
      ",,,"
      ",,,"
      ",,,"
      ",,,"
      ",,,,,,,,,,,,,,,,,,,,,,,,,,,,,,,,,,,,,,,,,,,,,,,,,,,,,,,,,,,,,,,,,,,,,,,,,,,,,,,,,,,,,,,,,,,,
drc-activities,"
    ",DKK,1,1,2019-09-24T09:29:04+00:00,,en,DK-CVR-20699310-DF19726,"
      ",DK-CVR-20699310,21,"
      ","
      ",1,,,,,,,,,,,,"
      ",GB-GOV-1-300432-102,,GB-GOV-1,1,10,"
      ",DK-CVR-20699310-DF16726,,DK-CVR-20699310,4,21,"
      ",NO-BRC-977538319-NGFM1611,,NO-BRC-977538319,4,21,"
      ",GB-CHC-1065972-DF143,,GB-CHC-1065972,2,21,"
      ",US-EIN-13-5660870-DF143,,US-EIN-13-5660870,4,21,,,,,,,,,,,,,,,,,,,,3,,2016-05-15,1,,2019-03-31,3,,,,,,,"
      ",1,,4,,,,,,,,,,,,,,,,,,,,,,,,,,,,,,,,298,100,1,,,,,,,,,,,,,,,,15160,,1,,,,,,,,,,,,,,,,,,,,,,,,,,,,,,,,,,,,,,,,,,,,,,,,,,,,,,,,,,,,,,,,,,,,,,,,30,,110,,C01,1,,,,,5,,,,,,,,,,,,,,,,,,,,,"
      ",,,"
      ",,,"
      ",,,"
      ",,,"
      ",,,"
      ",,,"
      ",,,"
      ",,,"
      ",,,"
      ",,,,,,,,,,,,,,,,,,,,,,,,,,,,,,,,,,,,,,,,,,,,,,,,,,,,,,,,,,,,,,,,,,,,,,,,,,,,,,,,,,,,,,,,,,,,
drc-activities,"
    ",DKK,1,1,2021-02-26T13:01:51+00:00,,en,DK-CVR-20699310-DK19938,"
      ",DK-CVR-20699310,21,"
      ","
      ",1,"
      ",4,,,,,,,,,,"
      ",,21000,DK-CVR-20699310,2,21,"
      ",XM-DAC-3-1-271673-32612,11000,XM-DAC-3-1,1,10,"
      ",DK-CVR-20699310-DK21649,21000,DK-CVR-20699310,4,21,,,,,,,,,,,,,,,,,,,,,,,,,,,,,,,,2,,2018-02-13,2,,2021-12-31,3,,,,,,,"
      ",1,,1,,,,,,,,,,,,,,,,,,,,,,,,,,,,,,,,998,100,1,,,,,,,,,,,,,,,,15123,100,1,,,,,,,,,,,,,,,,,,,,,,,,,,,,,,,,,,,,,,,,,,,,,,,,,,,,,,,,,,,,,,,,,,,,,,,,30,,110,,B03,1,,,,,5,"
      ",1,1,"
      ",1,1,"
      ",1,1,"
      ",1,1,,,,,,,,,"
      ",1,,"
      ",1,,"
      ",1,,"
      ",,,"
      ",,,"
      ",,,"
      ",,,"
      ",,,"
      ",,,"
      ",,,,,,"
      ",multipart/report,https://aidstream.org/files/documents/Annual-Report-2018-20190731010735.pdf,,,,,,,,,,,,,,,,,,,,,,,,,,DK-CVR-20699310-DK19742,2,,DK-CVR-20699310-DK21648,3,,DK-CVR-20699310-DK19741,2,,DK-CVR-20699310-DK19726,2,,DK-CVR-20699310-DK19720,2,,DK-CVR-20699310-DK19713,2,,DK-CVR-20699310-DK19715,2,,DK-CVR-20699310-DK19950,2,,DK-CVR-20699310-DK19649,2,,DK-CVR-20699310-DK19524,2,,,,,,,,,,,,,,,,,,,,,,,,,,,,,,
drc-activities,"
    ",DKK,1,1,2021-02-25T14:29:39+00:00,,en,DK-CVR-20699310-DK2112467,"
      ",DK-CVR-20699310,21,"
      ","
      ",1,,,,,,,,,,,,"
      ",XM-DAC-3-1-271671-32611,11000,XM-DAC-3-1,1,10,"
      ",,21000,DK-CVR-20699310,2,21,"
      ",,21000,DK-CVR-20699310,4,21,,,,,,,,,,,,,,,,,,,,,,,,,,,,,,,,2,,2018-02-13,2,,2021-12-31,3,,,,,,,"
      ",1,,1,,,,,,,,,,,,,,,,,,,,,,,,,,,,,,,,998,80,1,,89,20,1,,,,,,,,,,,,15123,100,1,,,,,,,,,,,,,,,,,,,,,,,,,,,,,,,,,,,,,,,,,,,,,,,,,,,,,,,,,,,,,,,,,,,,,,,,30,,110,,B03,1,,,,,5,"
      ",2,1,"
      ",2,1,,,,,,,,,,,,,,,,,,"
      ",,,"
      ",1,,"
      ",1,,"
      ",,,"
      ",,,"
      ",,,"
      ",,,"
      ",,,,,,,,,,,,,,,,,,,,,,,,,,,,,,,,,,,,,,,,DK-CVR-20699310-DK19649,3,,DK-CVR-20699310-DK19480,2,,DK-CVR-20699310-DK1926,2,,DK-CVR-20699310-DK201707,2,,DK-CVR-20699310-DK201704,2,,DK-CVR-20699310-DK201709,2,,DK-CVR-20699310-DK201705,2,,DK-CVR-20699310-DK201708,2,,DK-CVR-20699310-DK201706,2,,,,,,,,,,,,,,,,,,,,,,,,,,,,,,
drc-activities,"
    ",DKK,1,1,2020-05-18T11:04:36+00:00,,en,DK-CVR-20699310-DF2055,"
      ",DK-CVR-20699310,21,"
      ","
      ",1,,,,,,,,,,,,"
      ",GB-GOV-1-300561,,GB-GOV-1,1,10,"
      ",DK-CVR-20699310-DF5520,,DK-CVR-20699310,2,21,"
      ",DK-CVR-20699310DF5520,,DK-CVR-20699310,4,21,,,,,,,,,,,,,,,,,,,,,,,,,,,,,,,,3,,2017-08-01,1,,2020-03-31,3,,,,,,,,,,,,,,,UA,100,,,,,,,,,,,,,,,,,,,,,,,,,,,,,,,,,,,,,,,,,,,,73010,100,1,,,,,,,,,,,,,,,,,,,,,,,,,,,,,,,,,,,,,,,,,,,,,,,,,,,,,,,,,,,,,,,,,,,,,,,,30,,110,,C01,1,,,,,5,"
      ",1,1,"
      ",1,1,,,,,,,,,,,,,,,"
      ",,,"
      ",,,"
      ",,,"
      ",,,"
      ",,,"
      ",,,"
      ",,,"
      ",,,"
      ",,,"
      ",,,,,,,,,,,,,,,,,,,,,,,,,,,,,,,,,,,,,,,,,,,,,,,,,,,,,,,,,,,,,,,,,,,,,,,,,,,,,,,,,,,,,,,,,,,,
drc-activities,"
    ",DKK,1,1,2020-12-16T14:09:19+00:00,,en,DK-CVR-20699310-DF21849,"
      ",DK-CVR-20699310,21,"
      ","
      ",1,,,,,,,"
      ",US-EIN-61-1725201-AP20002,US-EIN-61-1725201,4,21,"
      ",GB-1-205255-104,,GB-GOV-1,1,10,"
      ",DK-CVR-20699310-DF21849,,DK-CVR-20699310,2,21,"
      ",DK-CVR-20699310-DF21849,,DK-CVR-20699310,1,21,"
      ",,,GB-CHC-1076235,4,21,"
      ",,,GB-CHC-1148404,4,21,"
      ",,,GB-CHC-1148404,4,21,"
      ",,4,21,"
      ",NO-BRC-977538319,4,21,"
      ",,4,90,,2,,2018-12-01,1,,2021-05-02,3,,,,,,,"
      ",2,,1,,,,,,,,,,,,,,,,,,,,,,,,,,,,,,,,998,100,1,,,,,,,,,,,,,,,,72010,100,1,,,,,,,,,,,,,,,,,,,,,,,,,,,,,,,,,,1,0,1,,2,0,1,,3,0,1,,4,0,1,,,,,,,,,,,,,,,,,,,,,,,,30,,110,,C01,1,,,,,5,,,,,,,,,,,,,,,,,,,,,"
      ",,,"
      ",,,"
      ",,,"
      ",,,"
      ",,,"
      ",,,"
      ",,,"
      ",,,"
      ",,,"
      ",,,,,,,,,,,,,,,,,,,,,,,,,,,,,,,,,,,,,,,,,,,,,,,,,,,,,,,,,,,,,,,,,,,,,,,,,,,,,,,,,,,,,,,,,,,,
drc-activities,"
    ",DKK,1,1,2020-08-03T09:28:49+00:00,,en,DK-CVR-20699310-DU19527,"
      ",DK-CVR-20699310,21,"
      ","
      ",1,,,,,,,,,,,,"
      ",XM-DAC-7-PPR-4000000964,,NL-KVK-27378529,1,10,"
      ",,,DK-CVR-20699310,2,21,"
      ",,,DK-CVR-20699310,4,21,,,,,,,,,,,,,,,,,,,,,,,,,,,,,,,,3,,2017-12-01,1,,2019-12-30,3,,,,,,,"
      ",1,,,,,,,BF,25,,ML,50,,NE,25,,,,,,,,,,,,,,,,,,,,,,,,,,,"
      ","
      ","
      ","
      ","
      ","
      ","
      ","
      ","
      ","
      ",,15220,100,1,,,,,,,,,,,,,,,,,,,,,,,,,,,,,,,,,,,,,,,,,,,,,,,,,,,,,,,,,,,,,,,,,,,,,,,,30,,110,,C01,1,,,,,5,"
      ",2,1,"
      ",1,2,"
      ",1,1,,,,,,,,,,,,"
      ",,,"
      ",,,"
      ",,,"
      ",,,"
      ",,,"
      ",,,"
      ",,,"
      ",,,"
      ",,,"
      ",,,,,,"
      ",application/pdf,https://aidstream.org/files/documents/2020-02-DDG-BSM-Sahel-Phase-II-Dutch-Final-Report-20200225030257.pdf,,,,,,,,,,,,,,,,,,,,,,,,,,,,,,,,,,,,,,,,,,,,,,,,,,,,,,,"
      ",,2,"
      ",,1,"
      ",,1,"
      ",0,2,"
      ",0,1,"
      ",,1,"
      ",1,1,"
      ",,1,"
      ",1,1,"
      ",1,1
drc-activities,"
    ",DKK,1,1,2021-03-11T09:44:16+00:00,,en,DK-CVR-20699310-DU20658,"
      ",DK-CVR-20699310,21,"
      ","
      ",1,,,,,,,,,,,,"
      ",XM-DAC-7-PPR-4000002041,,XM-DAC-7,1,10,"
      ",DK-CVR-20699310-DU20658,,DK-CVR-20699310,2,21,"
      ",DK-CVR-20699310-DU20658,,DK-CVR-20699310,4,21,,,,,,,,,,,,,,,,,,,,,,,,,,,,,,,,4,,2018-11-01,2,,2020-10-31,3,,,,,,,"
      ",1,,4,,,,,YE,100,,,,,,,,,,,,,,,,,,,,,,,,,,,,,,,,,,,,,,,,,,,,14030,100,1,,,,,,,,,,,,,,,,,,,,,,,,,,,,,,,,,,1,0,1,,2,0,1,,3,0,1,,4,0,1,,5,0,1,,6,0,1,,7,0,1,,8,0,1,,9,0,1,,,,30,,110,,C01,1,,,,,5,"
      ",1,1,"
      ",1,1,"
      ",1,1,,,,,,,,,,,,"
      ",,,"
      ",,,"
      ",,,"
      ",1,,"
      ",,,"
      ",,,"
      ",,,"
      ",1,,"
      ",,,"
      ",,,,,,"
      ",application/pdf,https://aidstream.org/files/documents/1st-Interim-Narrative-Report---Dutch---Nov-2018---June-2019--(Short-Vers-20190729020724....pdf,"
      ",application/pdf,https://aidstream.org/files/documents/Narrative-Progress-Overview-Report--Dutch---Jul-Dec-2019-20200131090142.pdf,"
      ",application/pdf,https://aidstream.org/files/documents/4th-Interim-Narrative-Report---Dutch---Jan--May-2020_IATI-version-20200630100617.pdf,"
      ",application/pdf,https://aidstream.org/files/documents/DRC-CLEAR_Interim-Narrative-Report---Dutch---Jan--July-2020_Final-20201001081047.pdf,"
      ",application/pdf,https://aidstream.org/files/documents/SDC---CLEAR-project---Final-Narrative-Report---Submitted-20210201080242.pdf,,,,,,,,,,,,,,,,,,,,,,,,,,,,,,,,,,,,,,,,,,,,,,"
      ",,2,"
      ",1,2,"
      ",1,1,"
      ",1,2,"
      ",1,3,"
      ",,1,"
      ",,1,"
      ",1,1,"
      ",1,1
drc-activities,"
    ",DKK,1,1,2020-12-30T10:07:06+00:00,,en,DK-CVR-20699310-DU191129,"
      ",DK-CVR-20699310,21,"
      ","
      ",1,,,,,,,,,,,,"
      ",XM-DAC-7-PPR-4000002695,,XM-DAC-7,1,10,"
      ",DK-CVR-20699310-DU191129,,DK-CVR-20699310,2,21,"
      ",DK-CVR-20699310-DU191129,,DK-CVR-20699310,4,21,,,,,,,,,,,,,,,,,,,,,,,,,,,,,,,,2,,2019-06-01,1,,2022-05-31,3,,,,,,,"
      ",1,,1,,,,,AF,30,,DK,30,,DE,20,,NL,20,,,,,,,,,,,,,,,,,,,,,,,,,,,,,,,,,,,15190,100,1,,,,,,,,,,,,,,,,,,,,,,,,,,,,,,,,,,1,1,1,,2,0,1,,3,2,1,,4,0,1,,6,0,1,,5,0,1,,7,0,1,,8,0,1,,9,0,1,,,,30,,110,,C01,1,,,,,5,"
      ",2,1,"
      ",1,1,"
      ",1,1,"
      ",1,1,,,,,,,,,,,,"
      ",,,"
      ",,,"
      ",,,"
      ",,,"
      ",,,"
      ",,,"
      ",,,"
      ",,,"
      ",,,"
      ",application/pdf,https://aidstream.org/files/documents/Year2-Q2-Report_ADIP_DRC-2020-20201229091250.pdf,"
      ",application/pdf,https://aidstream.org/files/documents/Q2-Report_Migration-Management_DRC_December-18_2019_final-20191220101255.pdf,"
      ",application/pdf,https://aidstream.org/files/documents/Q1-Report_Migration-Management_DRC_Sept-2019-20190928080927.pdf,"
      ",application/pdf,https://aidstream.org/files/documents/Year-1-Q3-Progress-Report_Migration-Management-March-2020-20200330090312.pdf,"
      ",application/pdf,https://aidstream.org/files/documents/Year1-Q4-Progress-Report-20200629070639.pdf,"
      ",application/pdf,https://aidstream.org/files/documents/Y1-Annual-Annalytical-Narrative-Progress-Overview-20200827090829.pdf,"
      ",application/pdf,https://aidstream.org/files/documents/Year2-Q1-Report_ADIP_DRC-2020-20200928010958.pdf,"
      ",application/pdf,https://aidstream.org/files/documents/102_covid_snapshot_asia_May-2020-20200929080905.pdf,"
      ",application/pdf,https://aidstream.org/files/documents/117_snapshot_Asia---June-2020-20200929080940.pdf,"
      ",application/pdf,https://aidstream.org/files/documents/120_covid_snapshot_Asia---July-2020-20200929090903.pdf,,,,,,,,,,,,,,,,,,,,,,,,,,,,,,,,,,"
      ",,1,"
      ",1,1,"
      ",1,1,"
      ",1,1,"
      ",1,2,"
      ",,2,"
      ",,1,"
      ",,1,,,
drc-activities,"
    ",DKK,1,1,2020-03-19T14:58:55+00:00,,en,DK-CVR-20699310-DF20376,"
      ",DK-CVR-20699310,21,"
      ","
      ",1,,,,,,,,,,,,"
      ",XM-DAC-47066-DP.1798,,XM-DAC-47066,2,40,"
      ",,,DK-CVR-20699310,4,21,"
      ",,,GB-GOV-1,1,10,,,,,,,,,,,,,,,,,,,,,,,,,,,,,,,,2,,2017-08-12,1,,2020-05-31,3,,,,,,,"
      ",1,,4,,,,,YE,100,,,,,,,,,,,,,,,,,,,,,,,,,,,,,,,,,,,,,,,,,,,,72010,100,1,,,,,,,,,,,,,,,,,,,,,,,,,,,,,,,,,,1,0,1,,2,0,1,,3,0,1,,4,0,1,,5,0,1,,6,0,1,,7,0,1,,8,0,1,,,,,,,,30,,110,,C01,1,,,,,5,,,,,,,,,,,,,,,,,,,,,,,,,,,,,,,,,,,,,,,,,,,,,,,,,,,,,,,,,,,,,,,,,,,,,,,,,,,,,,,,,,,,,,,,,,,,,,,,,,,,,,,,,,,,,,,,,,,,,,,,,,,,,,,,,,,,,,,,,,,,
drc-activities,"
    ",DKK,1,1,2021-02-23T17:11:06+00:00,,en,DK-CVR-20699310-DK19947,"
      ",DK-CVR-20699310,21,"
      ","
      ",1,"
      ",2,"
      ",4,,,,,,,,"
      ",,11000,XM-DAC-3-1,1,10,"
      ",,21000,DK-CVR-20699310,4,21,"
      ",,,DK-CVR-20699310,2,21,,,,,,,,,,,,,,,,,,,,,,,,,,,,,,,,2,,2019-01-01,1,,2019-12-01,3,,,,,,,"
      ",1,,4,,,,,SS,100,,,,,,,,,,,,,,,,,,,,,,,,,,,,,,,,,,,,,,,,,,,,72010,100,1,,,,,,,,,,,,,,,,,,,,,"
      ",FL-2019-000062-SSD,1,1-2,,,,,,,,,,3,1,1,,,,,,,,,,,,,,,,,,,,,,,,,,,,,,,,,,,,30,,110,,B03,1,,,,,5,"
      ",1,1,,,,,,,,,,,,,,,,,,,,,"
      ",,,"
      ",,,"
      ",,,"
      ",,,"
      ",,,"
      ",,,,,,,,,,,,,,,,,,,,,,,,,,,,,,,,,,,,,,,,,,,,,,DK-CVR-20699310-DK19938,1,,,,,,,,,,,,,,,,,,,,,,,,,,,,"
      ",,2,"
      ",,2,"
      ",1,3,,,,,,,,,,,,,,,,,,
drc-activities,"
    ",DKK,1,1,2021-01-25T08:37:22+00:00,,en,DK-CVR-20699310-DF221251,"
      ",DK-CVR-20699310,21,"
      ","
      ",1,,,,,,,,,,,,"
      ",GB-1-205143-107,,GB-GOV-1,1,10,"
      ",,,DK-CVR-20699310,4,21,"
      ",GB-COH-213890-82604294,,GB-COH-213890,4,21,"
      ",GB-CHC-1076235-ET-1426,21000,GB-CHC-1076235,4,21,"
      ",,21000,DK-CVR-20699310,2,21,"
      ",AE-HFZA-1526-EMP-RTL,60000,AE-HFZA-1526,4,70,,,,,,,,,,,,,,2,,2019-04-28,2,,2023-04-27,3,,,,,,,"
      ",1,,4,,,,,ET,100,,,,,,,,,,,,,,,,,,,,,,,,,,,,,,,,,,"
      ","
      ","
      ",,,,,,,,15190,100,1,,,,,,,,,,,,,,,,,,,,,,,,,,,,,,,,,,,,,,,,,,,,,,,,,,,,,,,,,,,,,,,,,,,,,,,,10,,110,,C01,1,,,,,5,"
      ",1,2,"
      ",1,2,"
      ",1,2,"
      ",1,2,,,,,,,,,"
      ",1,Payment for Invoice 1 ,"
      ",,Payment for Invoice 2 ,"
      ",,,"
      ",,,"
      ",,,"
      ",,,"
      ",,.,"
      ",1,,"
      ",1,Payment for Invoice 3 ,"
      ",,Milestone 65: COVID-19 ,,,,"
      ",application/pdf,https://aidstream.org/files/documents/annual-report-2018-east-africa-and-great-lakes-20200310120329.pdf,,,,,,,,,,,,,,,,,,,,,,,,,,,,,,,,,,,,,,,,,,,,,,,,,,,,,,,,,,,,,,,,,,,,,,,,,,,,,,,,,,,,
drc-activities,"
    ",DKK,1,1,2020-10-09T10:35:17+00:00,,en,DK-CVR-20699310-DF211215,"
      ",DK-CVR-20699310,21,"
      ","
      ",1,,,,,,,,,,,,"
      ",,,GB-GOV-1,1,10,"
      ",,,DK-CVR-20699310,2,21,"
      ",,,DK-CVR-20699310,4,21,,,,,,,,,,,,,,,,,,,,,,,,,,,,,,,,2,,2019-07-09,2,,2021-06-30,3,,,,,,,,,,4,,,,,TZ,100,,,,,,,,,,,,,,,,,,,,,,,,,,,,,,,,,,,,,,,,,,,,72050,100,1,,,,,,,,,,,,,,,,,,,,,,,,,,,,,,10,0,1,,1,0,1,,2,0,1,,3,0,1,,4,0,1,,5,0,1,,6,0,1,,7,0,1,,8,0,1,,9,0,,,,,30,,110,,C01,1,,,,,5,"
      ",1,1,"
      ",1,1,"
      ",1,1,"
      ",1,1,"
      ",1,1,"
      ",1,1,,,,,,"
      ",,97% Normal/ 3% COVID Re ,"
      ",,,"
      ",,,"
      ",,,"
      ",,,,,,,,,,,,,,,,,,"
      ",application/pdf,https://aidstream.org/files/documents/annual-report-2018-east-africa-and-great-lakes-20200310120329.pdf,,,,,,,,,,,,,,,,,,,,,,,,,,,,,,,,,,,,,,,,,,,,,,,,,,,,,,,,,,,,,,,,,,,,,,,,,,,,,,,,,,,,
drc-activities,"
    ",DKK,1,1,2021-03-12T11:14:49+00:00,,en,DK-CVR-20699310-DU22821,"
      ",DK-CVR-20699310,21,"
      ","
      ",1,"
      ",2,,,,,,,,,,"
      ",XM-DAC-7-PPR-4000002835,,XM-DAC-7,1,10,"
      ",,,DK-CVR-20699310,2,21,"
      ",,,DK-CVR-20699310,4,21,,,,,,,,,,,,,,,,,,,,,,,,,,,,,,,,2,,2019-11-01,1,,2022-04-30,3,,,,,,,"
      ",1,,,,,,,NG,100,,,,,,,,,,,,,,,,,,,,,,,,,,,,,,,,,,,,,,,,,,,,15220,100,1,,,,,,,,,,,,,,,,,,,,,,,,,,,,,,,,,,1,1,1,,,,,,,,,,,,,,,,,,,,,,,,,,,,,,,,,,,,30,,110,,C01,1,,,,,5,"
      ",1,1,"
      ",1,1,"
      ",1,1,"
      ",1,1,"
      ",1,1,,,,,,,,,"
      ",,,"
      ",,,"
      ",,,"
      ",,,"
      ",,,"
      ",,,,,,,,,,,,,,,"
      ",application/vnd.oma.poc.detailed-progress-report+xml,https://aidstream.org/files/documents/Annual-Report-2018-20190731010735.pdf,"
      ",application/pdf,https://aidstream.org/files/documents/Yr-1-Q1-Promoting-Positive-PeaceBuilding-and-Resilience-Nov19-Mar20-20200326120310.pdf,"
      ",application/pdf,https://aidstream.org/files/documents/Y1-Q2-Promoting-Positive-PeaceBuilding-and-Resilience-Mar20-May20_FINAL-20200625020647.pdf,"
      ",application/pdf,https://aidstream.org/files/documents/Y1Q3_Interim-Narrative-Report-20200925010953.pdf,"
      ",application/pdf,https://aidstream.org/files/documents/NMFA_Y1Q4_FINAL-20201225071251.pdf,"
      ",application/pdf,https://aidstream.org/files/documents/NMFA_AR_Y1-20210131090113.pdf,,,,,,,,,,,,,,,,,,,,,,,,,,,,,,,,,,,,,,,,"
      ",1,2,"
      ",,1,"
      ",1,1,"
      ",1,1,"
      ",1,2,"
      ",,1,"
      ",,1,"
      ",,1,"
      ",,1,"
      ",,2
drc-activities,"
    ",DKK,1,1,2021-01-11T10:55:27+00:00,,en,DK-CVR-20699310-DF21532,"
      ",DK-CVR-20699310,21,"
      ","
      ",1,,,,,,,,,,,,"
      ",GB-GOV-1-300726-103,,GB-GOV-1,1,10,"
      ",GB-SC-SC030289-91387,,GB-SC-SC030289,2,21,"
      ",DK-CVR-20699310-DF20532,,DK-CVR-20699310,4,21,"
      ",,,NO-BRC-977538319,4,21,"
      ",,,GB-CHC-202918,4,21,"
      ",,,US-EIN-13-5660870,4,21,,,,,,,,,,,,,,2,,2019-08-01,1,,2021-03-31,3,,,,,,,"
      ",1,,4,,,,,IQ,100,,,,,,,,,,,,,,,,,,,,,,,,,,,,,,,,,,,,,,,,,,,"
      ",72010,100,1,,,,,,,,,,,,,,,,,,,,,,,,,,,,,,,,,,,,,,,,,,,,,,,,,,,,,,,,,,,,,,,,,,,,,,,,30,,110,,C01,1,,1,4,,5,"
      ",2,2,"
      ",2,2,,,,,,,,,,,,,,,,,,"
      ",,,"
      ",,,"
      ",,,"
      ",,,,,,,,,,,,,,,,,,,,,"
      ",application/pdf,https://aidstream.org/files/documents/annual-report-2018-middle-east-20200303030317.pdf,,,,,,,,,,,,,,,,,,,,,,,,,,,,,,,,,,,,,,,,,,,,,,,,,,,,,,,,,,,,,,,,,,,,,,,,,,,,,,,,,,,,
drc-activities,"
    ",DKK,1,1,2020-10-12T07:50:39+00:00,,en,DK-CVR-20699310-DRCRO04-19,"
      ",DK-CVR-20699310,21,"
      ","
      ",1,"
      ",2,"
      ",3,"
      ",4,,,,,,"
      ",,,DK-CVR-20699310,2,21,"
      ",,,DK-CVR-20699310,4,21,"
      ",,,XM-DAC-41127,1,40,"
      ",,,,1,60,"
      ",,,XM-DAC-3-1,1,10,"
      ",,,,1,60,"
      ",,1,21,"
      ",41AAA,1,40,"
      ",XM-DAC-41121,1,40,,2,,2020-05-01,1,,2020-12-31,3,,,,,,,"
      ",1,,2,,,,,,,,,,,,,,,,,,,,,,,,,,,,,,,,798,100,1,,,,,,,,,,,,,,,,72010,32.75,1,,,72050,31.25,1,,15220,23.5,1,,73010,0.5,1,,15160,12.,1,,,,"
      ",HCOVD20,2,2-1,"
      ",EP-2020-000012-001,2,1-2,,,,,,,,,,,,,,,,,,,,,,,,,,,,,,,,,,,,,,,,,,,,30,,110,,C01,1,,,,,5,,,,,,,,,,,,,,,,,,,,,"
      ",,Gr00002086 (Grant Split: COVID-19Re:20% Normal Prog) ,"
      ",,Gr00001596,"
      ",1,Gr00002256,"
      ",1,Gr00002171,"
      ",1,Gr00001907,"
      ",1,Gr00001401,"
      ",1,Gr00002125,"
      ",1,Gr00002276,"
      ",1,Gr00002208,"
      ",1,,,,,,,,,,,,,,,,,,,,,,,,,,,,,,,,,,,,DK-CVR-20699310-GA22,1,,,,,,,,,,,,,,,,,,,,,,,,,,,,"
      ",1,1,,,,,,,,,,,,,,,,,,,,,,,,
drc-activities,"
    ",DKK,1,1,2020-10-09T10:04:47+00:00,,en,DK-CVR-20699310-GA22,"
      ",DK-CVR-20699310,21,"
      ","
      ",1,"
      ",4,,,,,,,,,,"
      ",,,DK-CVR-20699310,4,21,,,,,,,,,,,,,,,,,,,,,,,,,,,,,,,,,,,,,,,,,,,,2,,2020-05-01,1,,2020-12-31,3,,,,,,,"
      ",1,,1,,,,,,,,,,,,,,,,,,,,,,,,,,,,,,,,,,,,,,,,,,,,,,,,,,15123,100,1,,,,,,,,,,,,,,,,,,,,,"
      ",HCOVD20,2,2-1,"
      ",EP-2020-000012-001,2,1-2,,,,,,,,,,,,,,,,,,,,,,,,,,,,,,,,,,,,,,,,,,,,30,,110,,C01,1,,,,,5,"
      ",1,1,,,,,,,,,,,,,,,,,,,,,,,,,,,,,,,,,,,,,,,,,,,,,,,,,,,"
      ",application/pdf,https://aidstream.org/files/documents/DRC-2020-COVID-19-appeal-20200608110649.pdf,"
      ",application/pdf,https://aidstream.org/files/documents/DRC-Open-Information-Statement-2020-20200713050745.pdf,,,,,,,,,,,,,,,,,,,,,,,,,,DK-CVR-20699310-DRCRO01-19,2,,DK-CVR-20699310-DRCRO02-19,2,,DK-CVR-20699310-DRCRO03-19,2,,DK-CVR-20699310-DRCRO04-19,2,,DK-CVR-20699310-DRCRO05-19,2,,DK-CVR-20699310-DRCRO06-19,2,,DK-CVR-20699310-DRCCOL19,2,,,,,,,,,,,,,,,,,,,,,,,,,,,,,,,,,,,,
drc-activities,"
    ",DKK,1,1,2021-01-21T10:23:09+00:00,,en,DK-CVR-20699310-DRCCOL19,"
      ",DK-CVR-20699310,21,"
      ","
      ",1,"
      ",2,"
      ",3,"
      ",4,,,,,,"
      ",,,DK-CVR-20699310,2,21,"
      ",,,DK-CVR-20699310,4,21,"
      ",,,XM-DAC-3-1,1,10,"
      ",,,XM-DAC-41121,1,40,"
      ",,,US-GOV-1,1,10,"
      ",,,XI-IATI-EC_ECHO,1,15,,,,,,,,,,,,,,2,,2020-05-01,1,,2020-12-31,3,,,,,,,"
      ",1,,4,,,,,CO,100,,,,,,,,,,,,,,,,,,,,,,,,,,,,,,,,,,,,,,,,,,,,72010,32.25,1,,,72050,0.75,1,,15160,67,1,,,,,,,,,,,,,,,,,,,,,,,,,,,,,,,,,,,,,,,,,,,,,,,,,,,,,,,,,,,,,,,30,,110,,C01,1,,,,,5,,,,,,,,,,,,,,,,,,,,,,,,"
      ",1,Gr00001449 Grant Split COVID-19Re: 7% Normal Pro: 93%) ,"
      ",,Gr00001805 Grant Split COVID-19: 16% Normal Pro: 84% ,"
      ",1,,"
      ",1,Gr00002238,"
      ",1,Gr00002053,"
      ",,Gr00001642 Grant Split COVID-19:10%  Normal Pro: 90%,"
      ",1,Gr00001804 Grant Split COVID-19: 29% Normal Pro: 71% ,,,,,,,,,,,,,,,,,,,,,,,,,,,,,,,,,,,,,,,,,DK-CVR-20699310-GA22,1,,,,,,,,,,,,,,,,,,,,,,,,,,,,"
      ",,1,,,,,,,,,,,,,,,,,,,,,,,,
drc-activities,"
    ",DKK,1,1,2020-10-09T10:01:56+00:00,,en,DK-CVR-20699310-DRCRO02-19,"
      ",DK-CVR-20699310,21,"
      ","
      ",1,"
      ",3,"
      ",4,,,"
      ",,CH-4,1,10,"
      ",,,DK-CVR-20699310,4,21,"
      ",,,DK-CVR-20699310,2,21,"
      ",,,,1,60,"
      ",,,XM-DAC-41122,1,40,"
      ",,,XM-DAC-3-1,1,10,"
      ",,,GB-SC-SC030289,1,21,"
      ",US-GOV-1,1,10,"
      ",,1,60,"
      ",XM-DAC-41127,1,40,,2,,2020-05-01,1,,2020-12-31,3,,,,,,,"
      ",1,,2,,,,,,,,,,,,,,,,,,,,,,,,,,,,,,,,589,100,1,,,,,,,,,,,,,,,,72010,75.5,1,,,73010,2.75,1,,15160,21.75,1,,,,,,,,,,,,"
      ",EP-2020-000012-001,2,1-2,"
      ",HCOVD20,2,2-1,,,,,,,,,,,,,,,,,,,,,,,,,,,,,,,,,,,,,,,,,,,,30,,110,,C01,1,,,,,5,,,,,,,,,,,,,,,,,,,,,"
      ",,Gr00001214 Grant Split COVID-19 26%  Normal Pro 74%,"
      ",1,Gr00002174,"
      ",1,Gr00002076,"
      ",1,Gr00000519,"
      ",1,Gr00002450,"
      ",1,Gr00002241,"
      ",,Gr00000855 Grant Split COVID-19: 35% Normal pro: 65% ,"
      ",,Gr00001858,"
      ",,Gr00001098: Grant Split COVID-19: 10% Normal Pro 90%,"
      ",,Gr0000731 Grant Split COVID-19Re: 6% Normal Pro: 94%,,,,,,,,,,,,,,,,,,,,,,,,,,,,,,,,,,,DK-CVR-20699310-GA22,1,,,,,,,,,,,,,,,,,,,,,,,,,,,,"
      ",,1,,,,,,,,,,,,,,,,,,,,,,,,
drc-activities,"
    ",DKK,1,1,2020-10-21T16:24:58+00:00,,en,DK-CVR-20699310-DRCRO03-19,"
      ",DK-CVR-20699310,21,"
      ","
      ",1,"
      ",2,"
      ",3,"
      ",4,"
      ",,XM-DAC-41140,1,40,"
      ",,,DK-CVR-20699310,2,21,"
      ",,,DK-CVR-20699310,4,21,"
      ",,,XM-DAC-3-1,1,10,"
      ",,,,1,60,"
      ",,,US-GOV-1,1,10,"
      ",,,XM-DAC-41122,1,40,"
      ",ES-CIF-G-8236803,1,21,"
      ",,1,10,"
      ",XM-DAC-41121,1,40,,2,,2020-05-01,1,,2020-12-31,3,,,,,,,"
      ",1,,2,,,,,,,,,,,,,,,,,,,,,,,,,,,,,,,,289,100,1,,,,,,,,,,,,,,,,72010,41.5,1,,,72050,0,1,,15220,1.5,1,,73010,27.5,1,,15160,29.5,1,,,,"
      ",HCOVD20,2,2-1,"
      ",EP-2020-000012-001,2,1-2,,,,,,,,,,,,,,,,,,,,,,,,,,,,,,,,,,,,,,,,,,,,30,,110,,C01,1,,,,,5,,,,,,,,,,,,,,,,,,,,,"
      ",,Gr00002258,"
      ",1,Gr00002134,"
      ",1,Gr00002093,"
      ",,Gr0000594 Grant Split COVID-19Re: 5%  Normal Pro: 95% ,"
      ",,Gr00001134 Grant Split COVID-19Re:10%  Normal Pro:90% ,"
      ",,Gr00001949 Grant Split COVID-19Re: 10%  Normal Pro: 90% ,"
      ",,Gr00001173 Grant Split COVID-19Re:7%    Normal Pro: 93% ,"
      ",,Gr00001490: Grant Split COVID-19Re: 1%    Normal Pro: 99% ,"
      ",,Gr00001539 ,"
      ",,Gr0000001042 Grant Split COVID-19Re: 5% Normal Pro: 95% ,,,,,,,,,,,,,,,,,,,,,,,,,,,,,,,,,,,DK-CVR-20699310-GA22,1,,,,,,,,,,,,,,,,,,,,,,,,,,,,"
      ",1,1,,,,,,,,,,,,,,,,,,,,,,,,
drc-activities,"
    ",DKK,1,1,2020-10-12T08:08:54+00:00,,en,DK-CVR-20699310-DRCRO06-19,"
      ",DK-CVR-20699310,21,"
      ","
      ",1,"
      ",2,"
      ",3,"
      ",4,,,,,,"
      ",,,XM-DAC-3-1,1,10,"
      ",,,DK-CVR-20699310,2,21,"
      ",,,DK-CVR-20699310,4,21,"
      ",,,XM-DAC-47066,1,40,"
      ",,,XM-DAC-41114,1,40,"
      ",,,XM-DAC-41121,1,40,,,,,,,,,,,,,,2,,2020-05-01,1,,2020-12-31,3,,,,,,,"
      ",1,,2,,,,,,,,,,,,,,,,,,,,,,,,,,,,,,,,189,100,1,,,,,,,,,,,,,,,,72010,44.50,1,,,72050,28.50,1,,15220,0,1,,15160,27,1,,,,,,,,"
      ",EP-2020-000012-001,2,1-2,"
      ",HCOVD20,2,2-1,,,,,,,,,,,,,,,,,,,,,,,,,,,,,,,,,,,,,,,,,,,,30,,110,,C01,1,,,,,5,,,,,,,,,,,,,,,,,,,,,,,,"
      ",1,Gr00002287,"
      ",1,Gr00002178,"
      ",1,Gr00002321,"
      ",,Gr00001651 Grant Split COVID-19Re: 5% Normal Pro 95% ,"
      ",,Gr00001781(Grant Split COVID-19Re:20% Normal Pro: 80%) ,"
      ",,Gr00001875 (Grant Split COVID-19Re: 40% Normal Pro: 60%) ,"
      ",,Gr00001645 (Grant split COVIDRe: 35%  Normal Pro: 65%) ,"
      ",,,"
      ",,Gr00001462: Grant Split (COVID-19Re:35% Normal Pro: 65%) ,,,,,,,,,,,,,,,,,,,,,,,,,,,,,,,,,,,DK-CVR-20699310-GA22,1,,,,,,,,,,,,,,,,,,,,,,,,,,,,"
      ",1,1,,,,,,,,,,,,,,,,,,,,,,,,
drc-activities,"
    ",DKK,1,1,2020-10-09T10:30:26+00:00,,en,DK-CVR-20699310-DRCRO01-19,"
      ",DK-CVR-20699310,21,"
      ","
      ",1,"
      ",2,"
      ",3,"
      ",4,"
      ",,,1,40,"
      ",,,DK-CVR-20699310,2,21,"
      ",,,DK-CVR-20699310,4,21,"
      ",,,,1,60,"
      ",,,XM-DAC-3-1,1,10,"
      ",,,,1,60,"
      ",,,GB-GOV-1,1,10,"
      ",XM-DAC-41121,1,40,"
      ",US-GOV-1,1,10,"
      ",,1,60,,2,,2020-05-01,1,,2020-12-31,3,,,,,,,"
      ",1,,2,,,,,,,,,,,,,,,,,,,,,,,,,,,,,,,,289,100,1,,,,,,,,,,,,,,,,72010,20.5,1,,,72050,10.50,1,,15220,26.75,1,,73010,6,1,,15160,36.25,1,,,,"
      ",HCOVD20,2,2-1,"
      ",EP-2020-000012-001,2,1-2,,,,,,,,,,,,,,,,,,,,,,,,,,,,,,,,,,,,,,,,,,,,30,,110,,C01,1,,,,,5,,,,,,,,,,,,,,,,,,,,,"
      ",1,Gr00001699 (Grant Split: C19-Re 5% / Normal Prog 95%),"
      ",1,Gr00002422,"
      ",1,Gr00002425,"
      ",1,Gr00002202,"
      ",1,Gr00000670 (Grant Split: C19 Re 6% / Normal Prog 94%),"
      ",1,Gr00001471 (Grant Split: C19-Re 10% / Normal Prog 90%),"
      ",1,Gr00001470 (Grant Split: C19-Re 10% / Normal Prog 90%),"
      ",1,Gr00000444 (Grant Split: C19-Re  <1 % / Normal Prog >99%),"
      ",1,Gr00000736 (Grant Split: C19-Re 1% / Normal Prog 99%),"
      ",1,Gr00001435 (Grant Split: C19-Re 6% / Normal Prog 94%),,,,,,,,,,,,,,,,,,,,,,,,,,,,,,,,,,,DK-CVR-20699310-GA22,1,,,,,,,,,,,,,,,,,,,,,,,,,,,,"
      ",1,1,,,,,,,,,,,,,,,,,,,,,,,,
drc-activities,"
    ",DKK,1,1,2020-10-12T08:16:25+00:00,,en,DK-CVR-20699310-DRCRO05-19,"
      ",DK-CVR-20699310,21,"
      ","
      ",1,"
      ",2,"
      ",3,"
      ",4,"
      ",,,1,21,"
      ",,,DK-CVR-20699310,2,21,"
      ",,,DK-CVR-20699310,4,21,"
      ",,,,1,60,"
      ",,,XM-DAC-3-1,1,10,"
      ",,,,1,60,"
      ",,,DK-CVR-20699310,1,21,"
      ",US-GOV-1,1,10,"
      ",XM-DAC-41121,1,40,"
      ",CH-4,1,10,,2,,2020-05-01,1,,2020-12-31,3,,,,,,,"
      ",1,,2,,,,,,,,,,,,,,,,,,,,,,,,,,,,,,,,89,100,1,,,,,,,,,,,,,,,,72010,62.75,1,,,15220,2.75,1,,73010,0.5,1,,15160,34,1,,,,,,,,"
      ",EP-2020-000012-001,2,1-2,"
      ",HCOVD20,2,2-1,,,,,,,,,,,,,,,,,,,,,,,,,,,,,,,,,,,,,,,,,,,,30,,110,,C01,1,,,,,5,,,,,,,,,,,,,,,,,,,,,"
      ",1,Gr00002416,"
      ",1,Gr00002129,"
      ",1,Gr00002344,"
      ",1,Gr00001798 (Grant Split: C19-Re 50% / Normal Prog 50%),"
      ",1,Gr00001815 (Grant Split: C19-Re 30% / Normal Prog 70%),"
      ",1,Gr00001816 (Grant Split: C19-Re 30% / Normal Prog 70%),"
      ",1,Gr00001958 (Grant Split: C19-Re 50% / Normal Prog 50%),"
      ",1,Gr00002479,"
      ",1,Gr00000849 (Grant Split: C19 5% / Normal Prog 95%),"
      ",1,Gr00001706  (Grant Split: C19-Re 9% / Normal Prog 91%),,,,,,,,,,,,,,,,,,,,,,,,,,,,,,,,,,,DK-CVR-20699310-GA22,1,,,,,,,,,,,,,,,,,,,,,,,,,,,,"
      ",1,1,,,,,,,,,,,,,,,,,,,,,,,,
drc-activities,"
    ",DKK,1,1,2021-03-05T09:27:39+00:00,,en,DK-CVR-20699310-DF212197,"
      ",DK-CVR-20699310,21,"
      ","
      ",1,,,,,,,"
      ",,,4,21,"
      ",GB-GOV-1-301150-117,,GB-GOV-1,1,10,"
      ",DK-CVR-20699310-DK212197,,DK-CVR-20699310,2,21,"
      ",DK-CVR-20699310-DK212197,,DK-CVR-20699310,4,21,"
      ",,,GB-CHC-1082565,4,80,"
      ",,,GB-CHC-328158,4,21,"
      ",,,,4,21,"
      ",GB-CHC-1178168,4,21,"
      ",GB-CHC-1126727,4,21,"
      ",NO-BRC-977538319,4,21,,2,,2020-05-21,1,,2021-03-31,3,,,,,,,"
      ",1,,1,,,,,,,,,,,,,,,,,,,,,,,,,,,,,,,,998,100,1,,,,,,,,,,,,,,,,12250,100,1,https://iatistandard.org/en/iati-standard/203/codelists/sector/,,,,,,,,,,,,,,,,,,,,,,,,,,,,,,,,,,,,,,,,,,,,,,,,,,,,,,,,,,,,,,,,,,,,,,,30,,110,,C01,1,,,,,5,"
      ",1,1,,,,,,,,,,,,,,,,,,"
      ",1,,"
      ",,,"
      ",,,"
      ",,,"
      ",1,,"
      ",1,,"
      ",1,,"
      ",1,,"
      ",1,,"
      ",,,,,,"
      ",application/http,https://www.h2hworks.org/,,,,,,,,,,,,,,,,,,,,,,,,,,,,,,,,,,,,,,,,,,,,,,,,,,,,,,,,,,,,,,,,,,,,,,,,,,,,,,,,,,,,
drc-activities,"
    ",DKK,1,1,2020-10-09T10:02:47+00:00,,en,DK-CVR-20699310-DF201067,"
      ",DK-CVR-20699310,21,"
      ","
      ",1,,,,,,,,,,,,"
      ",,,GB-GOV-1,1,10,"
      ",GB-COH-03259922-106106,,GB-COH-03259922,2,70,"
      ",,,DK-CVR-20699310,4,21,,,,,,,,,,,,,,,,,,,,,,,,,,,,,,,,2,,2019-04-01,1,,2020-12-31,3,,,,,,,,,,,,,,,MM,100,,,,,,,,,,,,,,,,,,,,,,,,,,,,,,,,,,,,,,,,,,,,72010,100,1,,,,,,,,,,,,,,,,,,,,,,,,,,,,,,,,,,,,,,,,,,,,,,,,,,,,,,,,,,,,,,,,,,,,,,,,30,,110,,C01,1,,,,,5,"
      ",1,1,"
      ",1,1,"
      ",1,1,,,,,,,,,,,,,,,"
      ",,,"
      ",,95% Normal Pro/ 5% COVID Re ,"
      ",,n/a ,,,,,,,,,,,,,,,,,,,,,,,,,,,,,,,,,,,,,,,,,,,,,,,,,,,,,,,,,,,,,,,,,,,,,,,,,,,,,,,,,,,,,,,,,,,,,,,,,,,,,,,,,,,,
drc-activities,"
    ",DKK,1,1,2021-02-23T17:13:38+00:00,,en,DK-CVR-20699310-DK19953,"
      ",DK-CVR-20699310,21,"
      ","
      ",1,"
      ",4,,,,,,,,,,"
      ",,,,1,10,"
      ",,,DK-CVR-20699310,2,21,"
      ",,,DK-CVR-20699310,4,21,,,,,,,,,,,,,,,,,,,,,,,,,,,,,,,,3,,2019-01-01,2,,2019-12-31,4,,2019-01-01,1,,2019-12-31,3,"
      ",,,1,,,,,AF,0.67,,BF,3.54,,CM,0.46,,DK,94.32,,SS,1.01,,,,,,,,,,,,,,,,,,,,,,,,,,,,,,,,72050,100,1,,,,,,,,,,,,,,,,,,,,,,,,,,,,,,,,,,3,1,1,,,,,,,,,,,,,,,,,,,,,,,,,,,,,,,,,,,,30,,110,,B03,1,,,,,5,"
      ",1,,,,,,,,,,,,,,,,,,,,,,"
      ",,,"
      ",,,"
      ",,,"
      ",,,"
      ",,,"
      ",,,"
      ",,,"
      ",,,"
      ",,,,,,,,,,,,,,,,,,,,,,,,,,,,,,,,,,,,,DK-CVR-20699310-DK19938,1,,,,,,,,,,,,,,,,,,,,,,,,,,,,,,,,,,,,,,,,,,,,,,,,,,,,,,
drc-activities,"
    ",DKK,1,1,2021-02-23T15:57:06+00:00,,en,DK-CVR-20699310-DK1925,"
      ",DK-CVR-20699310,21,"
      ","
      ",1,,,,,,,,,,,,"
      ",,,,1,10,"
      ",,,DK-CVR-20699310,2,21,"
      ",,,DK-CVR-20699310,4,21,,,,,,,,,,,,,,,,,,,,,,,,,,,,,,,,4,,2019-01-01,2,,2019-01-01,1,,2019-12-31,3,,2019-12-31,4,"
      ",,,2,,,,,AF,43.21,,MM,56.79,,,,,,,,,,,,,,,,,,,,,,,,,,,,,,,,,,,,,,,,,43071,30,1,,,74010,30,1,,15160,40,1,,,,,,,,,,,,,,,,,,,,,,,,,3,1,1,,,,,,,,,,,,,,,,,,,,,,,,,,,,,,,,,,,,30,,110,,B03,1,,,,,5,"
      ",1,2,,,,,,,,,,,,,,,,,,,,,"
      ",,,"
      ",,,"
      ",,,"
      ",,,"
      ",,,"
      ",,,"
      ",,,,,,,,,,,,,,,,,,,,,,,,,,,,,,,,,,,,,,,,,,,DK-CVR-20699310-DK19938,1,,,,,,,,,,,,,,,,,,,,,,,,,,,,,,,,,,,,,,,,,,,,,,,,,,,,,,
drc-activities,"
    ",DKK,1,1,2021-02-23T16:02:39+00:00,,en,DK-CVR-20699310-DK19524,"
      ",DK-CVR-20699310,21,"
      ","
      ",1,,,,,,,,,,,,"
      ",,,,1,10,"
      ",,,DK-CVR-20699310,2,21,"
      ",,,DK-CVR-20699310,4,21,,,,,,,,,,,,,,,,,,,,,,,,,,,,,,,,2,,2019-01-01,2,,2019-12-31,4,,2019-01-01,1,,2019-12-31,3,"
      ",,,,,,,,AF,35.22,,MM,62.97,,DK,1.81,,,,,,,,,,,,,,,,,,,,,,,,,,,,,,,,,,,,,,15160,100,1,,,,,,,,,,,,,,,,,,,,,,,,,,,,,,,,,,3,1,1,,,,,,,,,,,,,,,,,,,,,,,,,,,,,,,,,,,,30,,110,,B03,1,,,,,5,"
      ",1,2,,,,,,,,,,,,,,,,,,,,,"
      ",,,"
      ",,,"
      ",,,"
      ",,,"
      ",,,"
      ",,,"
      ",,,,,,,,,,,,,,,,,,,,,,,,,,,,,,,,,,,,,,,,,,,DK-CVR-20699310-DK19938,1,,,,,,,,,,,,,,,,,,,,,,,,,,,,,,,,,,,,,,,,,,,,,,,,,,,,,,
drc-activities,"
    ",DKK,1,1,2021-02-23T16:37:03+00:00,,en,DK-CVR-20699310-DK19615,"
      ",DK-CVR-20699310,21,"
      ","
      ",1,"
      ",4,,,,,,,,,,"
      ",,,XM-DAC-3-1,1,10,"
      ",,,DK-CVR-20699310,2,21,"
      ",,,DK-CVR-20699310,4,21,,,,,,,,,,,,,,,,,,,,,,,,,,,,,,,,4,,2019-01-01,2,,2019-12-31,4,,2019-01-01,1,,2019-12-31,3,"
      ",,,4,,,,,YE,100,,,,,,,,,,,,,,,,,,,,,,,,,,,,,,,,,,,,,,,,,,,,72010,11,1,,,43071,21,1,,16020,47,1,,15160,20,1,,,,,,,,,,,,,,,,,,,,,3,1,1,,,,,,,,,,,,,,,,,,,,,,,,,,,,,,,,,,,,30,,110,,B03,1,,,,,5,"
      ",1,,,,,,,,,,,,,,,,,,,,,,"
      ",,,"
      ",,,"
      ",,,"
      ",,,"
      ",,,"
      ",,,"
      ",,,,,,,,,,,,,,,,,,,,,,,,,,,,,,,,,,,,,,,,,,,DK-CVR-20699310-DK19938,2,,,,,,,,,,,,,,,,,,,,,,,,,,,,,,,,,,,,,,,,,,,,,,,,,,,,,,
drc-activities,"
    ",DKK,1,1,2021-02-23T16:07:52+00:00,,en,DK-CVR-20699310-DK19649,"
      ",DK-CVR-20699310,21,"
      ","
      ",1,"
      ",4,,,,,,,,,,"
      ",XM-DAC-3-1,,,1,10,"
      ",,,DK-CVR-20699310,2,21,"
      ",,,DK-CVR-20699310,4,21,,,,,,,,,,,,,,,,,,,,,,,,,,,,,,,,4,,2019-01-01,2,,2019-12-31,4,,2019-01-01,1,,2019-12-31,3,"
      ",,,4,,,,,IQ,100,,,,,,,,,,,,,,,,,,,,,,,,,,,,,,,,,,,,,,,,,,,,15250,50,1,,,72010,50,1,,,,,,,,,,,,,,,,,,,,,,,,,,,,,3,1,1,,,,,,,,,,,,,,,,,,,,,,,,,,,,,,,,,,,,30,,110,,B03,1,,,,,5,"
      ",2,1,,,,,,,,,,,,,,,,,,,,,"
      ",,,"
      ",,,"
      ",,,"
      ",,,"
      ",,,"
      ",,,"
      ",,,,,,,,,,,,,,,,,,,,,,,,,,,,,,,,,,,,,,,,,,,DK-CVR-20699310-DK19938,1,,,,,,,,,,,,,,,,,,,,,,,,,,,,,,,,,,,,,,,,,,,,,,,,,,,,,,
drc-activities,"
    ",DKK,1,1,2021-02-23T16:10:03+00:00,,en,DK-CVR-20699310-DK19950,"
      ",DK-CVR-20699310,21,"
      ","
      ",1,,,,,,,,,,,,"
      ",,,XM-DAC-3-1,1,10,"
      ",,,DK-CVR-20699310,2,21,"
      ",,,DK-CVR-20699310,4,21,,,,,,,,,,,,,,,,,,,,,,,,,,,,,,,,2,,2019-01-01,2,,2019-12-31,4,,,,,,,,,,4,,,,,,,,,,,,,,,,,,,,,,,,,,,,,,,,589,100,1,,,,,,,,,,,,,,,,72010,100,1,,,,,,,,,,,,,,,,,,,,,,,,,,,,,,,,,,,,,,,,,,,,,,,,,,,,,,,,,,,,,,,,,,,,,,,,30,,110,,B03,1,,,,,5,"
      ",1,1,,,,,,,,,,,,,,,,,,,,,"
      ",,,"
      ",,,,,,,,,,,,,,,,,,,,,,,,,,,,,,,,,,,,,,,,,,,,,,,,,,,,,,,,,,DK-CVR-20699310-DK19938,1,,,,,,,,,,,,,,,,,,,,,,,,,,,,,,,,,,,,,,,,,,,,,,,,,,,,,,
drc-activities,"
    ",DKK,1,1,2021-02-23T16:18:46+00:00,,en,DK-CVR-20699310-DK19652,"
      ",DK-CVR-20699310,21,"
      ","
      ",1,,,,,,,,,,,,"
      ",,,XM-DAC-3-1,1,10,"
      ",,,DK-CVR-20699310,2,21,"
      ",,,DK-CVR-20699310,4,21,,,,,,,,,,,,,,,,,,,,,,,,,,,,,,,,4,,2019-01-01,2,,2019-12-31,4,,2019-01-01,1,,2019-12-31,3,"
      ",,,,,,,,TR,100,,,,,,,,,,,,,,,,,,,,,,,,,,,,,,,,,,,,,,,,,,,,16020,100,1,,,,,,,,,,,,,,,,,,,,,,,,,,,,,,,,,,3,1,1,,,,,,,,,,,,,,,,,,,,,,,,,,,,,,,,,,,,30,,110,,B03,1,,,,,5,"
      ",1,,,,,,,,,,,,,,,,,,,,,,"
      ",,,"
      ",,,"
      ",,,"
      ",,,"
      ",,,"
      ",,,"
      ",,,"
      ",,,,,,,,,,,,,,,,,,,,,,,,,,,,,,,,,,,,,,,,DK-CVR-20699310-DK19938,1,,,,,,,,,,,,,,,,,,,,,,,,,,,,,,,,,,,,,,,,,,,,,,,,,,,,,,
drc-activities,"
    ",DKK,1,1,2021-02-23T16:25:00+00:00,,en,DK-CVR-20699310-DK19653,"
      ",DK-CVR-20699310,21,"
      ","
      ",1,,,,,,,,,,,,"
      ",,,XM-DAC-3-1,1,10,"
      ",,,DK-CVR-20699310,2,21,"
      ",,,DK-CVR-20699310,4,21,,,,,,,,,,,,,,,,,,,,,,,,,,,,,,,,2,,2019-01-01,2,,2020-04-30,4,,2019-01-01,1,,2019-12-31,3,"
      ",,,4,,,,,JO,100,,,,,,,,,,,,,,,,,,,,,,,,,,,,,,,,,,,,,,,,,,,,16020,100,1,,,,,,,,,,,,,,,,,,,,,,,,,,,,,,,,,,3,1,1,,,,,,,,,,,,,,,,,,,,,,,,,,,,,,,,,,,,30,,110,,B03,1,,,,,5,"
      ",1,,,,,,,,,,,,,,,,,,,,,,"
      ",,,"
      ",,,"
      ",,,"
      ",,,"
      ",,,"
      ",,,"
      ",,,,,,,,,,,,,,,,,,,,,,,,,,,,,,,,,,,,,,,,,,,DK-CVR-20699310-DK19938,1,,,,,,,,,,,,,,,,,,,,,,,,,,,,,,,,,,,,,,,,,,,,,,,,,,,,,,
drc-activities,"
    ",DKK,1,1,2021-02-23T16:31:22+00:00,,en,DK-CVR-20699310-DK19713,"
      ",DK-CVR-20699310,21,"
      ","
      ",1,,,,,,,,,,,,"
      ",,,XM-DAC-3-1,1,10,"
      ",,,DK-CVR-20699310,2,21,"
      ",,,DK-CVR-20699310,4,21,,,,,,,,,,,,,,,,,,,,,,,,,,,,,,,,4,,2019-01-01,1,,2019-12-31,3,,,,,,,,,,3,,,,,CM,20,,CF,80,,,,,,,,,,,,,,,,,,,,,,,,,,,,,,,,,,,,,,,,,15190,100,1,,,,,,,,,,,,,,,,,,,,,,,,,,,,,,,,,,,,,,,,,,,,,,,,,,,,,,,,,,,,,,,,,,,,,,,,30,,110,,B03,1,,,,,5,"
      ",1,2,,,,,,,,,,,,,,,,,,,,,"
      ",,,"
      ",,,,,,,,,,,,,,,,,,,,,,,,,,,,,,,,,,,,,,,,,,,,,,,,,,,,,,,,,,DK-CVR-20699310-DK19938,1,,,,,,,,,,,,,,,,,,,,,,,,,,,,,,,,,,,,,,,,,,,,,,,,,,,,,,
drc-activities,"
    ",DKK,1,1,2021-02-23T16:32:30+00:00,,en,DK-CVR-20699310-DK19715,"
      ",DK-CVR-20699310,21,"
      ","
      ",1,,,,,,,,,,,,"
      ",,,XM-DAC-3-1,1,10,"
      ",,,DK-CVR-20699310,2,21,"
      ",,,DK-CVR-20699310,4,21,,,,,,,,,,,,,,,,,,,,,,,,,,,,,,,,4,,2019-01-01,2,,2019-12-31,4,,2019-01-01,1,,2019-12-31,3,"
      ",,,,,,,,CM,100,,,,,,,,,,,,,,,,,,,,,,,,,,,,,,,,,,,,,,,,,,,,15160,100,1,,,,,,,,,,,,,,,,,,,,,,,,,,,,,,,,,,3,1,1,,,,,,,,,,,,,,,,,,,,,,,,,,,,,,,,,,,,30,,110,,B03,1,,,,,5,"
      ",1,,,,,,,,,,,,,,,,,,,,,,"
      ",,,"
      ",,,"
      ",,,"
      ",,,"
      ",,,"
      ",,,"
      ",,,,,,,,,,,,,,,,,,,,,,,,,,,,,,,,,,,,,,,,,,,DK-CVR-20699310-DK19938,1,,,,,,,,,,,,,,,,,,,,,,,,,,,,,,,,,,,,,,,,,,,,,,,,,,,,,,
drc-activities,"
    ",DKK,1,1,2021-02-23T16:34:23+00:00,,en,DK-CVR-20699310-DK19720,"
      ",DK-CVR-20699310,21,"
      ","
      ",1,,,,,,,,,,,,"
      ",,,,1,10,"
      ",,,DK-CVR-20699310,2,21,"
      ",,,DK-CVR-20699310,4,21,,,,,,,,,,,,,,,,,,,,,,,,,,,,,,,,4,,2019-01-01,2,,2019-12-31,4,,2019-01-01,1,,2019-12-31,3,"
      ",,,1,,,,,DK,100,,,,,,,,,,,,,,,,,,,,,,,,,,,,,,,,,,,,,,,,,,,,15160,100,1,,,,,,,,,,,,,,,,,,,,,,,,,,,,,,,,,,3,1,1,,,,,,,,,,,,,,,,,,,,,,,,,,,,,,,,,,,,30,,110,,B03,1,,,,,5,"
      ",1,2,,,,,,,,,,,,,,,,,,,,,"
      ",,,"
      ",,,"
      ",,,"
      ",,,"
      ",,,"
      ",,,"
      ",,,,,,,,,,,,,,,,,,,,,,,,,,,,,,,,,,,,,,,,,,,DK-CVR-20699310-DK19938,1,,,,,,,,,,,,,,,,,,,,,,,,,,,,,,,,,,,,,,,,,,,,,,,,,,,,,,
drc-activities,"
    ",DKK,1,1,2021-02-23T16:37:49+00:00,,en,DK-CVR-20699310-DK19726,"
      ",DK-CVR-20699310,21,"
      ","
      ",1,"
      ",4,,,,,,,,,,"
      ",,,XM-DAC-3-1,1,10,"
      ",,,DK-CVR-20699310,2,21,"
      ",,,DK-CVR-20699310,4,21,,,,,,,,,,,,,,,,,,,,,,,,,,,,,,,,4,,2019-01-01,2,,2019-12-31,4,,2019-01-01,1,,2019-12-31,3,"
      ",,,2,,,,,BD,97.32,,MM,2.68,,,,,,,,,,,,,,,,,,,,,,,,,,,,,,,,,,,,,,,,,15160,100,1,,,,,,,,,,,,,,,,,,,,,,,,,,,,,,,,,,3,1,1,,,,,,,,,,,,,,,,,,,,,,,,,,,,,,,,,,,,30,,110,,B03,1,,,,,5,"
      ",1,,,,,,,,,,,,,,,,,,,,,,"
      ",,,"
      ",,,"
      ",,,"
      ",,,"
      ",,,"
      ",,,"
      ",,,,,,,,,,,,,,,,,,,,,,,,,,,,,,,,,,,,,,,,,,,DK-CVR-20699310-DK19938,1,,,,,,,,,,,,,,,,,,,,,,,,,,,,,,,,,,,,,,,,,,,,,,,,,,,,,,
drc-activities,"
    ",DKK,1,1,2021-02-23T16:53:45+00:00,,en,DK-CVR-20699310-DK19741,"
      ",DK-CVR-20699310,21,"
      ","
      ",1,"
      ",4,,,,,,,,,,"
      ",,,XM-DAC-3-1,1,10,"
      ",,,DK-CVR-20699310,2,21,"
      ",,,DK-CVR-20699310,4,21,,,,,,,,,,,,,,,,,,,,,,,,,,,,,,,,4,,2019-01-01,2,,2019-11-30,4,,2019-01-01,1,,2019-11-30,3,"
      ",,,4,,,,,BF,100,,,,,,,,,,,,,,,,,,,,,,,,,,,,,,,,,,,,,,,,,,,,16020,33,1,,,15160,34,1,,72010,33,1,,,,,,,,,,,,,,,,,,,,,,,,,3,1,1,,,,,,,,,,,,,,,,,,,,,,,,,,,,,,,,,,,,30,,110,,B03,1,,,,,5,"
      ",1,1,,,,,,,,,,,,,,,,,,,,,"
      ",,,"
      ",,,"
      ",,,"
      ",,,"
      ",,,"
      ",,,"
      ",,,"
      ",,,,,,,,,,,,,,,,,,,,,,,,,,,,,,,,,,,,,,,,DK-CVR-20699310-DK19938,1,,,,,,,,,,,,,,,,,,,,,,,,,,,,,,,,,,,,,,,,,,,,,,,,,,,,,,
drc-activities,"
    ",DKK,1,1,2021-02-23T16:54:50+00:00,,en,DK-CVR-20699310-DK19744,"
      ",DK-CVR-20699310,21,"
      ","
      ",1,"
      ",2,"
      ",4,,,,,,,,"
      ",,,XM-DAC-3-1,1,10,"
      ",,,DK-CVR-20699310,2,21,"
      ",,,DK-CVR-20699310,4,21,,,,,,,,,,,,,,,,,,,,,,,,,,,,,,,,4,,2019-01-01,2,,2019-11-30,4,,2019-01-01,1,,2019-12-31,3,"
      ",,,2,,,,,NE,100,,,,,,,,,,,,,,,,,,,,,,,,,,,,,,,,,,,,,,,,,,,,15250,40,1,,,16020,60,1,,,,,,,,,,,,,,,,,,,,,,,,,,,,,3,1,1,,,,,,,,,,,,,,,,,,,,,,,,,,,,,,,,,,,,30,,110,,B03,1,,,,,5,"
      ",1,,,,,,,,,,,,,,,,,,,,,,"
      ",,,"
      ",,,"
      ",,,"
      ",,,"
      ",,,"
      ",,,"
      ",,,,,,,,,,,,,,,,,,,,,,,,,,,,,,,,,,,,,,,,,,,DK-CVR-20699310-DK19938,1,,DK-CVR-20699310-DK19741,3,,,,,,,,,,,,,,,,,,,,,,,,,,,,,,,,,,,,,,,,,,,,,,,,,,,
drc-activities,"
    ",DKK,1,1,2021-02-23T17:02:19+00:00,,en,DK-CVR-20699310-DK19843,"
      ",DK-CVR-20699310,21,"
      ","
      ",1,"
      ",4,,,,,,,,,,"
      ",,,DK-CVR-20699310,2,21,"
      ",,,XM-DAC-3-1,1,10,"
      ",,,DK-CVR-20699310,4,21,,,,,,,,,,,,,,,,,,,,,,,,,,,,,,,,2,,2019-01-01,2,,2019-12-31,4,,,,,,,,,,2,,,,,MM,100,,,,,,,,,,,,,,,,,,,,,,,,,,,,,,,,,,,,,,,,,,,,72010,100,1,,,,,,,,,,,,,,,,,,,,,,,,,,,,,,,,,,,,,,,,,,,,,,,,,,,,,,,,,,,,,,,,,,,,,,,,30,,110,,B03,1,,,,,5,"
      ",1,1,,,,,,,,,,,,,,,,,,,,,"
      ",,,"
      ",,,,,,,,,,,,,,,,,,,,,,,,,,,,,,,,,,,,,,,,,,,,,,,,,,,,,,,,,,DK-CVR-20699310-DK19938,1,,,,,,,,,,,,,,,,,,,,,,,,,,,,,,,,,,,,,,,,,,,,,,,,,,,,,,
drc-activities,"
    ",DKK,1,1,2021-02-23T17:05:53+00:00,,en,DK-CVR-20699310-DK19888,"
      ",DK-CVR-20699310,21,"
      ","
      ",1,"
      ",4,,,,,,,,,,"
      ",,,XM-DAC-3-1,1,10,"
      ",,,DK-CVR-20699310,2,21,"
      ",,,DK-CVR-20699310,4,21,,,,,,,,,,,,,,,,,,,,,,,,,,,,,,,,4,,2019-01-01,2,,2019-12-31,4,,2019-01-01,1,,2019-12-31,3,"
      ",,,2,,,,,SN,100,,,,,,,,,,,,,,,,,,,,,,,,,,,,,,,,,,,,,,,,,,,,15250,30,1,,,43071,20,1,,16020,20,1,,15160,30,1,,,,,,,,,,,,,,,,,,,,,3,1,1,,,,,,,,,,,,,,,,,,,,,,,,,,,,,,,,,,,,30,,110,,B03,1,,,,,5,"
      ",1,1,,,,,,,,,,,,,,,,,,,,,"
      ",,,"
      ",,,"
      ",,,"
      ",,,"
      ",,,"
      ",,,"
      ",,,,,,,,,,,,,,,,,,,,,,,,,,,,,,,,,,,,,,,,,,,DK-CVR-20699310-DK19938,1,,,,,,,,,,,,,,,,,,,,,,,,,,,,,,,,,,,,,,,,,,,,,,,,,,,,,,
drc-activities,"
    ",DKK,1,1,2021-02-23T17:07:52+00:00,,en,DK-CVR-20699310-DK19903,"
      ",DK-CVR-20699310,21,"
      ","
      ",1,"
      ",4,,,,,,,,,,"
      ",,,XM-DAC-3-1,1,10,"
      ",,,DK-CVR-20699310,2,21,"
      ",,,DK-CVR-20699310,4,21,,,,,,,,,,,,,,,,,,,,,,,,,,,,,,,,4,,2019-01-01,2,,2019-12-31,4,,2019-01-01,1,,2019-12-31,3,"
      ",,,3,,,,,KE,100,,,,,,,,,,,,,,,,,,,,,,,,,,,,,,,,,,,,,,,,,,,,72010,100,1,,,,,,,,,,,,,,,,,,,,,,,,,,,,,,,,,,3,1,1,,,,,,,,,,,,,,,,,,,,,,,,,,,,,,,,,,,,30,,110,,B03,1,,,,,5,"
      ",1,,,,,,,,,,,,,,,,,,,,,,"
      ",,,"
      ",,,"
      ",,,"
      ",,,"
      ",,,"
      ",,,"
      ",,,"
      ",,,,,,,,,,,,,,,,,,,,,,,,,,,,,,,,,,,,,,,,DK-CVR-20699310-DK19938,1,,,,,,,,,,,,,,,,,,,,,,,,,,,,,,,,,,,,,,,,,,,,,,,,,,,,,,
drc-activities,"
    ",DKK,1,1,2021-02-23T17:16:33+00:00,,en,DK-CVR-20699310-DK19971,"
      ",DK-CVR-20699310,21,"
      ","
      ",1,"
      ",4,,,,,,,,,,"
      ",,,XM-DAC-3-1,1,10,"
      ",,,DK-CVR-20699310,2,21,"
      ",,,DK-CVR-20699310,4,21,,,,,,,,,,,,,,,,,,,,,,,,,,,,,,,,4,,2019-01-01,2,,2019-12-31,4,,2019-01-01,1,,2019-12-31,3,"
      ",,,4,,,,,DJ,100,,,,,,,,,,,,,,,,,,,,,,,,,,,,,,,,,,,,,,,,,,,,72010,100,1,,,,,,,,,,,,,,,,,,,,,,,,,,,,,,,,,,3,1,1,,,,,,,,,,,,,,,,,,,,,,,,,,,,,,,,,,,,30,,110,,B03,1,,,,,5,"
      ",1,,,,,,,,,,,,,,,,,,,,,,"
      ",,,"
      ",,,"
      ",,,"
      ",,,"
      ",,,,,,,,,,,,,,,,,,,,,,,,,,,,,,,,,,,,,,,,,,,,,,,,,DK-CVR-20699310-DK19938,1,,,,,,,,,,,,,,,,,,,,,,,,,,,,,,,,,,,,,,,,,,,,,,,,,,,,,,
drc-activities,"
    ",DKK,1,1,2021-02-23T17:19:14+00:00,,en,DK-CVR-20699310-DK19973,"
      ",DK-CVR-20699310,21,"
      ","
      ",1,,,,,,,,,,,,"
      ",,,XM-DAC-3-1,1,10,"
      ",,,DK-CVR-20699310,2,21,"
      ",,,DK-CVR-20699310,4,21,,,,,,,,,,,,,,,,,,,,,,,,,,,,,,,,4,,2019-01-01,2,,2019-12-31,4,,2019-01-01,1,,2019-12-31,3,"
      ",,,,,,,,KE,100,,,,,,,,,,,,,,,,,,,,,,,,,,,,,,,,,,,,,,,,,,,,72010,100,1,,,,,,,,,,,,,,,,,,,,,,,,,,,,,,,,,,3,1,1,,,,,,,,,,,,,,,,,,,,,,,,,,,,,,,,,,,,30,,110,,B03,1,,,,,5,"
      ",1,1,,,,,,,,,,,,,,,,,,,,,"
      ",,,"
      ",,,"
      ",,,"
      ",,,"
      ",,,"
      ",,,"
      ",,,"
      ",,,,,,,,,,,,,,,,,,,,,,,,,,,,,,,,,,,,,,,,DK-CVR-20699310-DK19938,1,,,,,,,,,,,,,,,,,,,,,,,,,,,,,,,,,,,,,,,,,,,,,,,,,,,,,,
drc-activities,"
    ",DKK,1,1,2021-02-23T17:24:04+00:00,,en,DK-CVR-20699310-DK19974,"
      ",DK-CVR-20699310,21,"
      ","
      ",1,"
      ",4,,,,,,,,,,"
      ",,,XM-DAC-3-1,1,10,"
      ",,,DK-CVR-20699310,2,21,"
      ",,,DK-CVR-20699310,4,21,,,,,,,,,,,,,,,,,,,,,,,,,,,,,,,,4,,2019-01-01,2,,2019-12-31,4,,2019-01-01,1,,2019-12-31,3,"
      ",,,,,,,,ET,99.6,,KE,0.4,,,,,,,,,,,,,,,,,,,,,,,,,,,,,,,,,,,,,,,,,72010,100,1,,,,,,,,,,,,,,,,,,,,,,,,,,,,,,,,,,3,1,1,,,,,,,,,,,,,,,,,,,,,,,,,,,,,,,,,,,,30,,110,,B03,1,,,,,5,"
      ",1,,,,,,,,,,,,,,,,,,,,,,"
      ",,,"
      ",,,"
      ",,,"
      ",,,"
      ",,,"
      ",,,,,,,,,,,,,,,,,,,,,,,,,,,,,,,,,,,,,,,,,,,,,,DK-CVR-20699310-DK19938,1,,,,,,,,,,,,,,,,,,,,,,,,,,,,,,,,,,,,,,,,,,,,,,,,,,,,,,
drc-activities,"
    ",DKK,1,1,2021-02-23T17:26:50+00:00,,en,DK-CVR-20699310-DK19976,"
      ",DK-CVR-20699310,21,"
      ","
      ",1,"
      ",4,,,,,,,,,,"
      ",,,XM-DAC-3-1,1,10,"
      ",,,DK-CVR-20699310,2,21,"
      ",,,DK-CVR-20699310,4,21,,,,,,,,,,,,,,,,,,,,,,,,,,,,,,,,4,,2019-01-01,2,,2019-12-31,4,,2019-01-01,1,,2019-12-31,3,"
      ",,,2,,,,,UG,100,,,,,,,,,,,,,,,,,,,,,,,,,,,,,,,,,,,,,,,,,,,,16020,30,1,,,15160,30,1,,72010,40,1,,,,,,,,,,,,,,,,,,,,,,,,,3,1,1,,,,,,,,,,,,,,,,,,,,,,,,,,,,,,,,,,,,30,,110,,B03,1,,,,,5,"
      ",1,2,,,,,,,,,,,,,,,,,,,,,"
      ",,,"
      ",,,"
      ",,,"
      ",,,"
      ",,,"
      ",,,"
      ",,,,,,,,,,,,,,,,,,,,,,,,,,,,,,,,,,,,,,,,,,,DK-CVR-20699310-DK19938,1,,,,,,,,,,,,,,,,,,,,,,,,,,,,,,,,,,,,,,,,,,,,,,,,,,,,,,
drc-activities,"
    ",DKK,1,1,2021-02-23T17:28:51+00:00,,en,DK-CVR-20699310-DK19977,"
      ",DK-CVR-20699310,21,"
      ","
      ",1,,,,,,,,,,,,"
      ",,,XM-DAC-3-1,1,10,"
      ",,,DK-CVR-20699310,2,21,"
      ",,,DK-CVR-20699310,4,21,,,,,,,,,,,,,,,,,,,,,,,,,,,,,,,,4,,2019-01-01,2,,2019-12-31,4,,2019-01-01,1,,2019-12-31,3,"
      ",,,,,,,,CD,100,,,,,,,,,,,,,,,,,,,,,,,,,,,,,,,,,,,,,,,,,,,,72010,100,1,,,,,,,,,,,,,,,,,,,,,,,,,,,,,,,,,,3,1,1,,,,,,,,,,,,,,,,,,,,,,,,,,,,,,,,,,,,30,,110,,B03,1,,,,,5,"
      ",1,,,,,,,,,,,,,,,,,,,,,,"
      ",,,"
      ",,,"
      ",,,"
      ",,,"
      ",,,"
      ",,,"
      ",,,,,,,,,,,,,,,,,,,,,,,,,,,,,,,,,,,,,,,,,,,DK-CVR-20699310-DK19938,1,,,,,,,,,,,,,,,,,,,,,,,,,,,,,,,,,,,,,,,,,,,,,,,,,,,,,,
drc-activities,"
    ",DKK,1,1,2021-02-23T17:31:42+00:00,,en,DK-CVR-20699310-DK191007,"
      ",DK-CVR-20699310,21,"
      ","
      ",1,"
      ",4,,,,,,,,,,"
      ",,,XM-DAC-3-1,1,10,"
      ",,,DK-CVR-20699310,2,21,"
      ",,,DK-CVR-20699310,4,21,,,,,,,,,,,,,,,,,,,,,,,,,,,,,,,,4,,2019-01-01,2,,2019-12-31,4,,2019-01-01,1,,2019-12-31,3,"
      ",,,2,,,,,TN,6.26,,SD,93.74,,,,,,,,,,,,,,,,,,,,,,,,,,,,,,,,,,,,,,,,,72050,90,1,,,73010,10,1,,,,,,,,,,,,,,,,,,,,,,,,,,,,,3,1,1,,,,,,,,,,,,,,,,,,,,,,,,,,,,,,,,,,,,30,,110,,B03,1,,,,,5,"
      ",1,,,,,,,,,,,,,,,,,,,,,,"
      ",,,"
      ",,,"
      ",,,"
      ",,,"
      ",,,"
      ",,,"
      ",,,,,,,,,,,,,,,,,,,,,,,,,,,,,,,,,,,,,,,,,,,DK-CVR-20699310-DK19938,1,,,,,,,,,,,,,,,,,,,,,,,,,,,,,,,,,,,,,,,,,,,,,,,,,,,,,,
drc-activities,"
    ",DKK,1,1,2021-02-23T17:34:47+00:00,,en,DK-CVR-20699310-DK19742,"
      ",DK-CVR-20699310,21,"
      ","
      ",1,"
      ",4,,,,,,,,,,"
      ",,,XM-DAC-3-1,1,10,"
      ",,,DK-CVR-20699310,2,21,"
      ",,,DK-CVR-20699310,4,21,,,,,,,,,,,,,,,,,,,,,,,,,,,,,,,,4,,2019-01-01,2,,2019-11-30,4,,2019-01-01,1,,2019-12-31,3,"
      ",,,,,,,,ML,100,,,,,,,,,,,,,,,,,,,,,,,,,,,,,,,,,,,,,,,,,,,,15160,100,1,,,,,,,,,,,,,,,,,,,,,,,,,,,,,,,,,,3,1,1,,,,,,,,,,,,,,,,,,,,,,,,,,,,,,,,,,,,30,,110,,B03,1,,,,,5,"
      ",1,,,,,,,,,,,,,,,,,,,,,,"
      ",,,"
      ",,,"
      ",,,"
      ",,,"
      ",,,"
      ",,,"
      ",,,,,,,,,,,,,,,,,,,,,,,,,,,,,,,,,,,,,,,,,,,DK-CVR-20699310-DK19938,1,,,,,,,,,,,,,,,,,,,,,,,,,,,,,,,,,,,,,,,,,,,,,,,,,,,,,,
drc-activities,"
    ",DKK,1,1,2021-02-23T17:38:27+00:00,,en,DK-CVR-20699310-DK191239,"
      ",DK-CVR-20699310,21,"
      ","
      ",1,"
      ",4,,,,,,,,,,"
      ",,,,1,10,"
      ",,,DK-CVR-20699310,2,21,"
      ",,,DK-CVR-20699310,4,21,,,,,,,,,,,,,,,,,,,,,,,,,,,,,,,,4,,2019-10-01,2,,2019-12-31,4,,2019-10-01,1,,2019-12-31,3,"
      ",,,,,,,,BI,27.3,,DK,61.37,,KE,4.64,,JO,3.28,,SN,3.41,,,,,,,,,,,,,,,,,,,,,,,,,,,,,,,,72010,15,1,,,16020,60,1,,15160,25,1,,,,,,,,,,,,,,,,,,,,,,,,,3,1,1,,,,,,,,,,,,,,,,,,,,,,,,,,,,,,,,,,,,30,,110,,B03,1,,,,,5,"
      ",1,,,,,,,,,,,,,,,,,,,,,,"
      ",,,"
      ",,,"
      ",,,"
      ",,,"
      ",,,"
      ",,,"
      ",,,"
      ",,,,,,,,,,,,,,,,,,,,,,,,,,,,,,,,,,,,,,,,DK-CVR-20699310-DK19938,1,,,,,,,,,,,,,,,,,,,,,,,,,,,,,,,,,,,,,,,,,,,,,,,,,,,,,,
drc-activities,"
    ",DKK,1,1,2021-02-23T17:42:04+00:00,,en,DK-CVR-20699310-DK191790,"
      ",DK-CVR-20699310,21,"
      ","
      ",1,,,,,,,,,,,,"
      ",,,,1,10,"
      ",,,DK-CVR-20699310,2,21,"
      ",,,DK-CVR-20699310,4,21,,,,,,,,,,,,,,,,,,,,,,,,,,,,,,,,4,,2019-01-01,2,,2019-12-31,4,,2019-01-01,1,,2019-12-31,3,"
      ",,,,,,,,DK,100,,,,,,,,,,,,,,,,,,,,,,,,,,,,,,,,,,,,,,,,,,,,72050,100,1,,,,,,,,,,,,,,,,,,,,,,,,,,,,,,,,,,3,1,1,,,,,,,,,,,,,,,,,,,,,,,,,,,,,,,,,,,,30,,110,,B03,1,,,,,5,"
      ",1,,,,,,,,,,,,,,,,,,,,,,"
      ",,,"
      ",,,"
      ",,,"
      ",,,"
      ",,,,,,,,,,,,,,,,,,,,,,,,,,,,,,,,,,,,,,,,,,,,,,,,,DK-CVR-20699310-DK19938,1,,,,,,,,,,,,,,,,,,,,,,,,,,,,,,,,,,,,,,,,,,,,,,,,,,,,,,
drc-activities,"
    ",DKK,1,1,2021-02-23T18:03:58+00:00,,en,DK-CVR-20699310-DK19479,"
      ",DK-CVR-20699310,21,"
      ","
      ",1,,,,,,,,,,,,"
      ",,,XM-DAC-3-1,1,10,"
      ",,,DK-CVR-20699310,2,21,"
      ",,,DK-CVR-20699310,4,21,,,,,,,,,,,,,,,,,,,,,,,,,,,,,,,,4,,2019-01-01,2,,2019-12-31,4,,2019-01-01,1,,2019-12-31,3,"
      ",,,,,,,,KE,100,,,,,,,,,,,,,,,,,,,,,,,,,,,,,,,,,,,,,,,,,,,,15250,18,1,,,11110,26,1,,16020,23,1,,15160,33,1,,,,,,,,,,,,,,,,,,,,,3,1,1,,,,,,,,,,,,,,,,,,,,,,,,,,,,,,,,,,,,30,,110,,B03,1,,,,,5,"
      ",1,,,,,,,,,,,,,,,,,,,,,,"
      ",,,"
      ",,,"
      ",,,,,,,,,,,,,,,,,,,,,,,,,,,,,,,,,,,,,,,,,,,,,,,,,,,,,,,DK-CVR-20699310-DK19938,1,,,,,,,,,,,,,,,,,,,,,,,,,,,,,,,,,,,,,,,,,,,,,,,,,,,,,,
drc-activities,"
    ",DKK,1,1,2021-02-23T18:05:37+00:00,,en,DK-CVR-20699310-DK201680,"
      ",DK-CVR-20699310,21,"
      ","
      ",1,,,,,,,,,,,,"
      ",,,XM-DAC-3-1,1,10,"
      ",,,DK-CVR-20699310,2,21,"
      ",,,DK-CVR-20699310,4,21,,,,,,,,,,,,,,,,,,,,,,,,,,,,,,,,2,,2020-01-01,2,,2020-01-01,1,,2021-12-31,3,,,,"
      ",,,,,,,,CF,100,,,,,,,,,,,,,,,,,,,,,,,,,,,,,,,,,,,,,,,,,,,,73010,20,1,,,15160,20,1,,72010,60,1,,,,,,,,,,,,,,,,,,,,,,,,,3,1,1,,,,,,,,,,,,,,,,,,,,,,,,,,,,,,,,,,,,30,,110,,B03,1,,,,,5,"
      ",1,,,,,,,,,,,,,,,,,,,,,,"
      ",,,"
      ",,,"
      ",,,"
      ",,,"
      ",,,"
      ",,,"
      ",,,,,,,,,,,,,,,,,,,,,,,,,,,,,,,,,,,,,,,,,,,DK-CVR-20699310-DK19938,1,,,,,,,,,,,,,,,,,,,,,,,,,,,,,,,,,,,,,,,,,,,,,,,,,,,,,,
drc-activities,"
    ",DKK,1,1,2021-02-23T18:30:29+00:00,,en,DK-CVR-20699310-DK201681,"
      ",DK-CVR-20699310,21,"
      ","
      ",1,,,,,,,,,,,,"
      ",,,XM-DAC-3-1,1,10,"
      ",,,DK-CVR-20699310,2,21,"
      ",,,DK-CVR-20699310,4,21,,,,,,,,,,,,,,,,,,,,,,,,,,,,,,,,2,,2020-01-01,2,,2020-01-01,1,,2021-12-31,3,,,,"
      ",,,,,,,,CM,100,,,,,,,,,,,,,,,,,,,,,,,,,,,,,,,,,,,,,,,,,,,,73010,20,1,,,15160,20,1,,72010,60,1,,,,,,,,,,,,,,,,,,,,,,,,,3,1,1,,,,,,,,,,,,,,,,,,,,,,,,,,,,,,,,,,,,30,,110,,B03,1,,,,,5,"
      ",1,,,,,,,,,,,,,,,,,,,,,,"
      ",,,"
      ",,,"
      ",,,"
      ",,,,,,,,,,,,,,,,,,,,,,,,,,,,,,,,,,,,,,,,,,,,,,,,,,,,DK-CVR-20699310-DK19938,1,,,,,,,,,,,,,,,,,,,,,,,,,,,,,,,,,,,,,,,,,,,,,,,,,,,,,,
drc-activities,"
    ",DKK,1,1,2021-02-23T18:32:16+00:00,,en,DK-CVR-20699310-DK201683,"
      ",DK-CVR-20699310,21,"
      ","
      ",1,,,,,,,,,,,,"
      ",,,XM-DAC-3-1,1,10,"
      ",,,DK-CVR-20699310,2,21,"
      ",,,DK-CVR-20699310,4,21,,,,,,,,,,,,,,,,,,,,,,,,,,,,,,,,2,,2020-01-01,2,,2020-01-01,1,,2021-12-31,3,,,,"
      ",,,,,,,,BF,100,,,,,,,,,,,,,,,,,,,,,,,,,,,,,,,,,,,,,,,,,,,,15160,100,1,,,,,,,,,,,,,,,,,,,,,,,,,,,,,,,,,,3,1,1,,,,,,,,,,,,,,,,,,,,,,,,,,,,,,,,,,,,30,,110,,B03,1,,,,,5,"
      ",1,,,,,,,,,,,,,,,,,,,,,,"
      ",,,"
      ",,,"
      ",,,"
      ",,,"
      ",,,"
      ",,,"
      ",,,,,,,,,,,,,,,,,,,,,,,,,,,,,,,,,,,,,,,,,,,DK-CVR-20699310-DK19938,1,,,,,,,,,,,,,,,,,,,,,,,,,,,,,,,,,,,,,,,,,,,,,,,,,,,,,,
drc-activities,"
    ",DKK,1,1,2021-02-23T18:36:17+00:00,,en,DK-CVR-20699310-DK201685,"
      ",DK-CVR-20699310,21,"
      ","
      ",1,,,,,,,,,,,,"
      ",,,XM-DAC-3-1,1,10,"
      ",,,DK-CVR-20699310,2,21,"
      ",,,DK-CVR-20699310,4,21,,,,,,,,,,,,,,,,,,,,,,,,,,,,,,,,2,,2020-01-01,2,,2020-01-01,1,,2021-12-31,3,,,,"
      ",,,,,,,,NE,100,,,,,,,,,,,,,,,,,,,,,,,,,,,,,,,,,,,,,,,,,,,,72010,5,1,,,15160,95,1,,,,,,,,,,,,,,,,,,,,,,,,,,,,,3,1,1,,,,,,,,,,,,,,,,,,,,,,,,,,,,,,,,,,,,30,,110,,B03,1,,,,,5,"
      ",1,,,,,,,,,,,,,,,,,,,,,,"
      ",,,"
      ",,,"
      ",,,"
      ",,,"
      ",,,"
      ",,,"
      ",,,,,,,,,,,,,,,,,,,,,,,,,,,,,,,,,,,,,,,,,,,DK-CVR-20699310-DK19938,1,,,,,,,,,,,,,,,,,,,,,,,,,,,,,,,,,,,,,,,,,,,,,,,,,,,,,,
drc-activities,"
    ",DKK,1,1,2021-02-23T18:42:39+00:00,,en,DK-CVR-20699310-DK201687,"
      ",DK-CVR-20699310,21,"
      ","
      ",1,,,,,,,,,,,,"
      ",,,XM-DAC-3-1,1,10,"
      ",,,DK-CVR-20699310,2,21,"
      ",,,DK-CVR-20699310,4,21,,,,,,,,,,,,,,,,,,,,,,,,,,,,,,,,2,,2020-01-01,2,,2020-01-01,1,,2021-12-31,3,,,,"
      ",,,,,,,,BD,97.38,,MM,2.62,,,,,,,,,,,,,,,,,,,,,,,,,,,,,,,,,,,,,,,,,16020,100,1,,,,,,,,,,,,,,,,,,,,,,,,,,,,,,,,,,3,1,1,,,,,,,,,,,,,,,,,,,,,,,,,,,,,,,,,,,,30,,110,,B03,1,,,,,5,"
      ",1,,,,,,,,,,,,,,,,,,,,,,"
      ",,,"
      ",,,"
      ",,,"
      ",,,"
      ",,,"
      ",,,"
      ",,,,,,,,,,,,,,,,,,,,,,,,,,,,,,,,,,,,,,,,,,,DK-CVR-20699310-DK19938,1,,,,,,,,,,,,,,,,,,,,,,,,,,,,,,,,,,,,,,,,,,,,,,,,,,,,,,
drc-activities,"
    ",DKK,1,1,2021-02-23T18:46:58+00:00,,en,DK-CVR-20699310-DK201688,"
      ",DK-CVR-20699310,21,"
      ","
      ",1,,,,,,,,,,,,"
      ",,,XM-DAC-3-1,1,10,"
      ",,,DK-CVR-20699310,2,21,"
      ",,,DK-CVR-20699310,4,21,,,,,,,,,,,,,,,,,,,,,,,,,,,,,,,,2,,2020-01-01,2,,2020-01-01,1,,2021-12-31,3,,,,"
      ",,,,,,,,MM,98.65,,MM,1.35,,,,,,,,,,,,,,,,,,,,,,,,,,,,,,,,,,,,,,,,,16020,30,1,,,74010,10,1,,15160,60,1,,,,,,,,,,,,,,,,,,,,,,,,,3,1,1,,,,,,,,,,,,,,,,,,,,,,,,,,,,,,,,,,,,30,,110,,B03,1,,,,,5,"
      ",1,,,,,,,,,,,,,,,,,,,,,,"
      ",,,"
      ",,,"
      ",,,"
      ",,,"
      ",,,"
      ",,,"
      ",,,"
      ",,,,,,,,,,,,,,,,,,,,,,,,,,,,,,,,,,,,,,,,DK-CVR-20699310-DK19938,1,,,,,,,,,,,,,,,,,,,,,,,,,,,,,,,,,,,,,,,,,,,,,,,,,,,,,,
drc-activities,"
    ",DKK,1,1,2021-02-23T18:50:11+00:00,,en,DK-CVR-20699310-DK201689,"
      ",DK-CVR-20699310,21,"
      ","
      ",1,,,,,,,,,,,,"
      ",,,XM-DAC-3-1,1,10,"
      ",,,DK-CVR-20699310,2,21,"
      ",,,DK-CVR-20699310,4,21,,,,,,,,,,,,,,,,,,,,,,,,,,,,,,,,2,,2020-01-01,2,,2020-01-01,1,,2021-12-31,3,,,,"
      ",,,,,,,,AF,98.59,,MM,1.41,,,,,,,,,,,,,,,,,,,,,,,,,,,,,,,,,,,,,,,,,43071,50,1,,,74010,50,1,,,,,,,,,,,,,,,,,,,,,,,,,,,,,3,1,1,,,,,,,,,,,,,,,,,,,,,,,,,,,,,,,,,,,,30,,110,,B03,1,,,,,5,"
      ",1,,,,,,,,,,,,,,,,,,,"
      ",,,"
      ",,,"
      ",,,"
      ",,,"
      ",,,"
      ",,,"
      ",,,"
      ",,,"
      ",,,"
      ",,,,,,,,,,,,,,,,,,,,,,,,,,,,,,,,,,,,,DK-CVR-20699310-DK19938,1,,,,,,,,,,,,,,,,,,,,,,,,,,,,,,,,,,,,,,,,,,,,,,,,,,,,,,
drc-activities,"
    ",DKK,1,1,2021-02-23T18:51:37+00:00,,en,DK-CVR-20699310-DK201690,"
      ",DK-CVR-20699310,21,"
      ","
      ",1,,,,,,,,,,,,"
      ",,,XM-DAC-3-1,1,10,"
      ",,,DK-CVR-20699310,2,21,"
      ",,,DK-CVR-20699310,4,21,,,,,,,,,,,,,,,,,,,,,,,,,,,,,,,,2,,2020-01-01,2,,2020-01-01,1,,2021-12-31,3,,,,"
      ",,,,,,,,AF,35.42,,MM,64.58,,,,,,,,,,,,,,,,,,,,,,,,,,,,,,,,,,,,,,,,,15160,100,1,,,,,,,,,,,,,,,,,,,,,,,,,,,,,,,,,,3,1,1,,,,,,,,,,,,,,,,,,,,,,,,,,,,,,,,,,,,30,,110,,B03,1,,,,,5,"
      ",1,,,,,,,,,,,,,,,,,,,,,,"
      ",,,"
      ",,,"
      ",,,"
      ",,,"
      ",,,"
      ",,,"
      ",,,"
      ",,,,,,,,,,,,,,,,,,,,,,,,,,,,,,,,,,,,,,,,DK-CVR-20699310-DK19938,1,,,,,,,,,,,,,,,,,,,,,,,,,,,,,,,,,,,,,,,,,,,,,,,,,,,,,,
drc-activities,"
    ",DKK,1,1,2021-02-23T18:54:34+00:00,,en,DK-CVR-20699310-DK1940,"
      ",DK-CVR-20699310,21,"
      ","
      ",1,,,,,,,,,,,,"
      ",,,,1,10,"
      ",,,DK-CVR-20699310,2,21,"
      ",,,DK-CVR-20699310,4,21,,,,,,,,,,,,,,,,,,,,,,,,,,,,,,,,4,,2019-01-01,2,,2019-01-01,1,,2019-12-31,3,,2019-12-31,4,"
      ",,,2,,,,,KE,0.39,,SS,99.61,,,,,,,,,,,,,,,,,,,,,,,,,,,,,,,,,,,,,,,,,72010,100,1,,,,,,,,,,,,,,,,,,,,,,,,,,,,,,,,,,3,1,1,,,,,,,,,,,,,,,,,,,,,,,,,,,,,,,,,,,,30,,110,,B03,1,,,,,5,"
      ",1,,,,,,,,,,,,,,,,,,,,,,"
      ",,,"
      ",,,"
      ",,,"
      ",,,"
      ",,,"
      ",,,"
      ",,,,,,,,,,,,,,,,,,,,,,,,,,,,,,,,,,,,,,,,,,,DK-CVR-20699310-DK19938,2,,DK-CVR-20699310-DK19974,3,,,,,,,,,,,,,,,,,,,,,,,,,,,,,,,,,,,,,,,,,,,,,,,,,,,
drc-activities,"
    ",DKK,1,1,2021-02-23T18:56:24+00:00,,en,DK-CVR-20699310-DK201692,"
      ",DK-CVR-20699310,21,"
      ","
      ",1,"
      ",4,,,,,,,,,,"
      ",,,XM-DAC-3-1,1,10,"
      ",,,DK-CVR-20699310,2,21,"
      ",,,DK-CVR-20699310,4,21,,,,,,,,,,,,,,,,,,,,,,,,,,,,,,,,2,,2020-01-01,2,,2020-01-01,1,,2021-12-31,3,,,,"
      ",,,,,,,,SS,100,,,,,,,,,,,,,,,,,,,,,,,,,,,,,,,,,,,,,,,,,,,,72010,50,1,,,15160,50,1,,,,,,,,,,,,,,,,,,,,,,,,,,,,,3,1,1,,,,,,,,,,,,,,,,,,,,,,,,,,,,,,,,,,,,30,,110,,B03,1,,,,,5,"
      ",1,,,,,,,,,,,,,,,,,,,"
      ",,,"
      ",,,"
      ",,,"
      ",,,"
      ",,,"
      ",,,"
      ",,,"
      ",,,"
      ",,,"
      ",,,,,,,,,,,,,,,,,,,,,,,,,,,,,,,,,,,,,DK-CVR-20699310-DK19938,1,,,,,,,,,,,,,,,,,,,,,,,,,,,,,,,,,,,,,,,,,,,,,,,,,,,,,,
drc-activities,"
    ",DKK,1,1,2021-02-23T18:57:57+00:00,,en,DK-CVR-20699310-DK19972,"
      ",DK-CVR-20699310,21,"
      ","
      ",1,,,,,,,,,,,,"
      ",,,XM-DAC-3-1,1,10,"
      ",,,DK-CVR-20699310,2,21,"
      ",,,DK-CVR-20699310,4,21,,,,,,,,,,,,,,,,,,,,,,,,,,,,,,,,4,,2019-01-01,2,,2019-12-31,4,,2019-01-01,1,,2019-12-31,3,"
      ",,,,,,,,ET,100,,,,,,,,,,,,,,,,,,,,,,,,,,,,,,,,,,,,,,,,,,,,72010,100,1,,,,,,,,,,,,,,,,,,,,,,,,,,,,,,,,,,3,1,1,,,,,,,,,,,,,,,,,,,,,,,,,,,,,,,,,,,,30,,110,,B03,1,,,,,5,"
      ",1,,,,,,,,,,,,,,,,,,,,,,"
      ",,,"
      ",,,"
      ",,,"
      ",,,"
      ",,,"
      ",,,,,,,,,,,,,,,,,,,,,,,,,,,,,,,,,,,,,,,,,,,,,,DK-CVR-20699310-DK19938,1,,,,,,,,,,,,,,,,,,,,,,,,,,,,,,,,,,,,,,,,,,,,,,,,,,,,,,
drc-activities,"
    ",DKK,1,1,2021-02-23T18:59:42+00:00,,en,DK-CVR-20699310-DK201686,"
      ",DK-CVR-20699310,21,"
      ","
      ",1,"
      ",4,,,,,,,,,,"
      ",,,XM-DAC-3-1,1,10,"
      ",,,DK-CVR-20699310,2,21,"
      ",,,DK-CVR-20699310,4,21,,,,,,,,,,,,,,,,,,,,,,,,,,,,,,,,2,,2020-01-01,2,,2020-01-01,1,,2021-12-31,3,,,,"
      ",,,,,,,,SN,100,,,,,,,,,,,,,,,,,,,,,,,,,,,,,,,,,,,,,,,,,,,,72010,50,1,,,15160,50,1,,,,,,,,,,,,,,,,,,,,,,,,,,,,,3,1,1,,,,,,,,,,,,,,,,,,,,,,,,,,,,,,,,,,,,30,,110,,B03,1,,,,,5,"
      ",1,,,,,,,,,,,,,,,,,,,,,,"
      ",,,"
      ",,,"
      ",,,"
      ",,,"
      ",,,"
      ",,,,,,,,,,,,,,,,,,,,,,,,,,,,,,,,,,,,,,,,,,,,,,DK-CVR-20699310-DK19938,1,,,,,,,,,,,,,,,,,,,,,,,,,,,,,,,,,,,,,,,,,,,,,,,,,,,,,,
drc-activities,"
    ",DKK,1,1,2021-02-25T08:36:42+00:00,,en,DK-CVR-20699310-DU252394,"
      ",DK-CVR-20699310,21,"
      ","
      ",1,,,,,,,,,,,,"
      ",XM-DAC-7-PPR-4000004186,,XM-DAC-7,1,10,"
      ",,,DK-CVR-20699310,2,21,"
      ",,,DK-CVR-20699310,4,21,,,,,,,,,,,,,,,,,,,,,,,,,,,,,,,,2,,2020-09-01,2,,2024-08-31,3,,,,,,,"
      ",1,,1,,,,,,,,,,,,,,,,,,,,,,,,,,,,,,,,,,,,,,,,,,,,,,,,,,15250,100,1,,,,,,,,,,,,,,,,,,,,,,,,,,,,,,,,,,1,1,1,,3,2,1,,,,,,,,,,,,,,,,,,,,,,,,,,,,,,,,30,,110,,C01,1,,,,,5,"
      ",1,1,"
      ",1,1,"
      ",1,1,"
      ",1,1,"
      ",1,1,"
      ",1,1,,,,,,,,,,,,,,,,,,,,,,,,,,,,,,,,,,,,,,,,,,,,,,,,,,,,,,,,,,,,,,,,,,,DK-CVR-20699310-DU252399,2,,DK-CVR-20699310-DU252398,2,,DK-CVR-20699310-DU252397,2,,,,,,,,,,,,,,,,,,,,,,,,,,,,,,,,,,,,,,,,,,,,,,,,
drc-activities,"
    ",DKK,1,1,2021-02-24T16:01:17+00:00,,en,DK-CVR-20699310-DU252398,"
      ",DK-CVR-20699310,21,"
      ","
      ",1,,,,,,,,,,,,"
      ",XM-DAC-7-PPR-4000004186,,XM-DAC-7,1,10,"
      ",,,DK-CVR-20699310,4,21,"
      ",,,DK-CVR-20699310,2,21,,,,,,,,,,,,,,,,,,,,,,,,,,,,,,,,2,,2020-09-01,1,,2023-08-31,3,,,,,,,"
      ",1,,4,,,,,AF,100,,,,,,,,,,,,,,,,,,,,,,,,,,,,,,,,,,,,,,,,,,,,15250,100,1,,,,,,,,,,,,,,,,,,,,,,,,,,,,,,,,,,1,1,1,,3,2,1,,,,,,,,,,,,,,,,,,,,,,,,,,,,,,,,30,,110,,C01,1,,,,,5,,,,,,,,,,,,,,,,,,,,,,,,"
      ",,,"
      ",,,,,,,,,,,,,,,,,,,,,,,,,,,,,,,,,,,,,,,,,,,,,,,,,,,,,,,,,,DK-CVR-20699310-DU252394,1,,,,,,,,,,,,,,,,,,,,,,,,,,,,"
      ",,2,"
      ",,1,"
      ",1,2,"
      ",1,1,"
      ",1,2,"
      ",1,1,"
      ",1,2,"
      ",1,1,,,
drc-activities,"
    ",DKK,1,1,2021-02-25T10:33:40+00:00,,en,DK-CVR-20699310-DU252397,"
      ",DK-CVR-20699310,21,"
      ","
      ",1,,,,,,,,,,,,"
      ",XM-DAC-7-PPR-4000004186,,XM-DAC-7,1,10,"
      ",,,DK-CVR-20699310,4,21,"
      ",,,DK-CVR-20699310,2,21,,,,,,,,,,,,,,,,,,,,,,,,,,,,,,,,2,,2020-09-01,2,,2024-08-31,3,,,,,,,"
      ",1,,4,,,,,LY,100,,,,,,,,,,,,,,,,,,,,,,,,,,,,,,,,,,,,,,,,,,,,15250,100,1,,,,,,,,,,,,,,,,,,,,,,,,,,,,,,,,,,1,1,1,,3,2,1,,,,,,,,,,,,,,,,,,,,,,,,,,,,,,,,30,,110,,C01,1,,,,,5,,,,,,,,,,,,,,,,,,,,,,,,"
      ",,,"
      ",,,,,,,,,,,,,,,,,,,,,,,,,,,,,,,,,,,,,,,,,,,,,,,,,,,,,,,,,,DK-CVR-20699310-DU252394,1,,,,,,,,,,,,,,,,,,,,,,,,,,,,"
      ",,2,"
      ",,1,"
      ",1,2,"
      ",,1,"
      ",,1,"
      ",,2,,,,,,,,,
drc-activities,"
    ",DKK,1,1,2021-02-25T10:04:38+00:00,,en,DK-CVR-20699310-DU252399,"
      ",DK-CVR-20699310,21,"
      ","
      ",1,,,,,,,,,,,,"
      ",XM-DAC-7-PPR-4000004186,,XM-DAC-7,1,10,"
      ",,,DK-CVR-20699310,2,21,"
      ",,,DK-CVR-20699310,4,21,,,,,,,,,,,,,,,,,,,,,,,,,,,,,,,,2,,2020-09-01,2,,2023-08-31,3,,,,,,,"
      ",1,,4,,,,,SS,100,,,,,,,,,,,,,,,,,,,,,,,,,,,,,,,,,,,,,,,,,,,,15250,100,1,,,,,,,,,,,,,,,,,,,,,,,,,,,,,,,,,,1,1,1,,3,2,1,,,,,,,,,,,,,,,,,,,,,,,,,,,,,,,,30,,110,,C01,1,,,,,5,,,,,,,,,,,,,,,,,,,,,,,,"
      ",,,"
      ",,,,,,,,,,,,,,,,,,,,,,,,,,,,,,,,,,,,,,,,,,,,,,,,,,,,,,,,,,DK-CVR-20699310-DU252394,1,,,,,,,,,,,,,,,,,,,,,,,,,,,,"
      ",,2,"
      ",1,1,"
      ",,2,"
      ",1,1,"
      ",1,2,"
      ",,1,,,,,,,,,
drc-activities,"
    ",DKK,1,1,2021-02-24T16:07:31+00:00,,en,DK-CVR-20699310-DK201695,"
      ",DK-CVR-20699310,21,"
      ","
      ",1,,,,,,,,,,,,"
      ",,,XM-DAC-3-1,1,10,"
      ",,,DK-CVR-20699310,2,21,"
      ",,,DK-CVR-20699310,4,21,,,,,,,,,,,,,,,,,,,,,,,,,,,,,,,,2,,2020-01-01,2,,2020-01-01,1,,2021-12-31,3,,,,"
      ",,,,,,,,KE,100,,,,,,,,,,,,,,,,,,,,,,,,,,,,,,,,,,,,,,,,,,,,11110,14,1,,,16020,45,1,,15160,41,1,,,,,,,,,,,,,,,,,,,,,,,,,3,1,1,,,,,,,,,,,,,,,,,,,,,,,,,,,,,,,,,,,,30,,110,,B03,1,,,,,5,"
      ",1,,,,,,,,,,,,,,,,,,,,,,"
      ",,,"
      ",,,"
      ",,,"
      ",,,"
      ",,,"
      ",,,"
      ",,,,,,,,,,,,,,,,,,,,,,,,,,,,,,,,,,,,,,,,,,,DK-CVR-20699310-DK19938,1,,,,,,,,,,,,,,,,,,,,,,,,,,,,,,,,,,,,,,,,,,,,,,,,,,,,,,
drc-activities,"
    ",DKK,1,1,2021-02-24T16:11:19+00:00,,en,DK-CVR-20699310-DK201693,"
      ",DK-CVR-20699310,21,"
      ","
      ",1,,,,,,,,,,,,"
      ",,,XM-DAC-3-1,1,10,"
      ",,,DK-CVR-20699310,2,21,"
      ",,,DK-CVR-20699310,4,21,,,,,,,,,,,,,,,,,,,,,,,,,,,,,,,,2,,2020-01-01,2,,2020-01-01,1,,2021-12-31,3,,,,"
      ",,,,,,,,DJ,100,,,,,,,,,,,,,,,,,,,,,,,,,,,,,,,,,,,,,,,,,,,,16020,100,1,,,,,,,,,,,,,,,,,,,,,,,,,,,,,,,,,,3,1,1,,,,,,,,,,,,,,,,,,,,,,,,,,,,,,,,,,,,30,,110,,B03,1,,,,,5,"
      ",1,,,,,,,,,,,,,,,,,,,,,,"
      ",,,"
      ",,,"
      ",,,"
      ",,,"
      ",,,"
      ",,,,,,,,,,,,,,,,,,,,,,,,,,,,,,,,,,,,,,,,,,,,,,DK-CVR-20699310-DK19938,1,,,,,,,,,,,,,,,,,,,,,,,,,,,,,,,,,,,,,,,,,,,,,,,,,,,,,,
drc-activities,"
    ",DKK,1,1,2021-02-24T16:18:59+00:00,,en,DK-CVR-20699310-DK201698,"
      ",DK-CVR-20699310,21,"
      ","
      ",1,,,,,,,,,,,,"
      ",,,XM-DAC-3-1,1,10,"
      ",,,DK-CVR-20699310,2,21,"
      ",,,DK-CVR-20699310,4,21,,,,,,,,,,,,,,,,,,,,,,,,,,,,,,,,2,,2020-01-01,2,,2020-01-01,1,,2021-12-31,3,,,,"
      ",,,,,,,,ET,100,,,,,,,,,,,,,,,,,,,,,,,,,,,,,,,,,,,,,,,,,,,,72010,36,1,,,72010,11,1,,16020,35,1,,15160,18,1,,,,,,,,,,,,,,,,,,,,,3,1,1,,,,,,,,,,,,,,,,,,,,,,,,,,,,,,,,,,,,30,,110,,B03,1,,,,,5,"
      ",1,,,,,,,,,,,,,,,,,,,,,,"
      ",,,"
      ",,,"
      ",,,"
      ",,,"
      ",,,"
      ",,,"
      ",,,"
      ",,,"
      ",,,,,,,,,,,,,,,,,,,,,,,,,,,,,,,,,,,,,DK-CVR-20699310-DK19938,1,,,,,,,,,,,,,,,,,,,,,,,,,,,,,,,,,,,,,,,,,,,,,,,,,,,,,,
drc-activities,"
    ",DKK,1,1,2021-02-24T16:20:25+00:00,,en,DK-CVR-20699310-DK201699,"
      ",DK-CVR-20699310,21,"
      ","
      ",1,,,,,,,,,,,,"
      ",,,XM-DAC-3-1,1,10,"
      ",,,DK-CVR-20699310,2,21,"
      ",,,DK-CVR-20699310,4,21,,,,,,,,,,,,,,,,,,,,,,,,,,,,,,,,2,,2020-01-01,2,,2020-01-01,1,,2021-12-31,3,,,,"
      ",,,,,,,,CD,100,,,,,,,,,,,,,,,,,,,,,,,,,,,,,,,,,,,,,,,,,,,,15160,100,1,,,,,,,,,,,,,,,,,,,,,,,,,,,,,,,,,,3,1,1,,,,,,,,,,,,,,,,,,,,,,,,,,,,,,,,,,,,30,,110,,B03,1,,,,,5,"
      ",1,,,,,,,,,,,,,,,,,,,,,,"
      ",,,"
      ",,,"
      ",,,"
      ",,,"
      ",,,"
      ",,,,,,,,,,,,,,,,,,,,,,,,,,,,,,,,,,,,,,,,,,,,,,,,,,,,,,,,,,,,,,,,,,,,,,,,,,,,,,,,,,,,,,,,,,,,,,,,,,,,,
drc-activities,"
    ",DKK,1,1,2021-02-24T16:22:35+00:00,,en,DK-CVR-20699310-DK201700,"
      ",DK-CVR-20699310,21,"
      ","
      ",1,,,,,,,,,,,,"
      ",,,XM-DAC-3-1,1,10,"
      ",,,DK-CVR-20699310,2,21,"
      ",,,DK-CVR-20699310,4,21,,,,,,,,,,,,,,,,,,,,,,,,,,,,,,,,2,,2020-01-01,2,,2020-01-01,1,,2021-12-31,3,,,,"
      ",,,,,,,,UG,100,,,,,,,,,,,,,,,,,,,,,,,,,,,,,,,,,,,,,,,,,,,,15250,43,1,,,15160,50,1,,14020,7,1,,,,,,,,,,,,,,,,,,,,,,,,,3,1,1,,,,,,,,,,,,,,,,,,,,,,,,,,,,,,,,,,,,30,,110,,B03,1,,,,,5,"
      ",1,,,,,,,,,,,,,,,,,,,,,,"
      ",,,"
      ",,,"
      ",,,"
      ",,,"
      ",,,"
      ",,,,,,,,,,,,,,,,,,,,,,,,,,,,,,,,,,,,,,,,,,,,,,DK-CVR-20699310-DK19938,1,,,,,,,,,,,,,,,,,,,,,,,,,,,,,,,,,,,,,,,,,,,,,,,,,,,,,,
drc-activities,"
    ",DKK,1,1,2021-02-24T16:30:41+00:00,,en,DK-CVR-20699310-DK201701,"
      ",DK-CVR-20699310,21,"
      ","
      ",1,"
      ",4,,,,,,,,,,"
      ",,,XM-DAC-3-1,1,10,"
      ",,,DK-CVR-20699310,2,21,"
      ",,,DK-CVR-20699310,4,21,,,,,,,,,,,,,,,,,,,,,,,,,,,,,,,,2,,2020-01-01,2,,2020-01-01,1,,2021-12-31,3,,,,"
      ",,,,,,,,KE,100,,,,,,,,,,,,,,,,,,,,,,,,,,,,,,,,,,,,,,,,,,,,15250,28,1,,,16020,34,1,,15160,38,1,,,,,,,,,,,,,,,,,,,,,,,,,3,1,1,,,,,,,,,,,,,,,,,,,,,,,,,,,,,,,,,,,,30,,110,,B03,1,,,,,5,"
      ",1,,,,,,,,,,,,,,,,,,,,,,"
      ",,,"
      ",,,"
      ",,,"
      ",,,"
      ",,,"
      ",,,"
      ",,,"
      ",,,"
      ",,,,,,,,,,,,,,,,,,,,,,,,,,,,,,,,,,,,,DK-CVR-20699310-DK19938,1,,,,,,,,,,,,,,,,,,,,,,,,,,,,,,,,,,,,,,,,,,,,,,,,,,,,,,
drc-activities,"
    ",DKK,1,1,2021-02-24T16:32:56+00:00,,en,DK-CVR-20699310-DK201711,"
      ",DK-CVR-20699310,21,"
      ","
      ",1,"
      ",2,,,,,,,,,,"
      ",,,XM-DAC-3-1,1,10,"
      ",,,DK-CVR-20699310,2,21,"
      ",,,DK-CVR-20699310,4,21,,,,,,,,,,,,,,,,,,,,,,,,,,,,,,,,2,,2020-01-01,2,,2020-01-01,1,,2021-12-31,3,,,,"
      ",,,,,,,,IQ,98.12,,JO,1.88,,,,,,,,,,,,,,,,,,,,,,,,,,,,,,,,,,,,,,,,,16020,100,1,,,,,,,,,,,,,,,,,,,,,,,,,,,,,,,,,,3,1,1,,,,,,,,,,,,,,,,,,,,,,,,,,,,,,,,,,,,30,,110,,B03,1,,,,,5,"
      ",1,,,,,,,,,,,,,,,,,,,,,,"
      ",,,"
      ",,,"
      ",,,"
      ",,,"
      ",,,"
      ",,,"
      ",,,,,,,,,,,,,,,,,,,,,,,,,,,,,,,,,,,,,,,,,,,DK-CVR-20699310-DK19938,1,,,,,,,,,,,,,,,,,,,,,,,,,,,,,,,,,,,,,,,,,,,,,,,,,,,,,,
drc-activities,"
    ",DKK,1,1,2021-02-24T16:34:37+00:00,,en,DK-CVR-20699310-DK201716,"
      ",DK-CVR-20699310,21,"
      ","
      ",1,,,,,,,,,,,,"
      ",,,XM-DAC-3-1,1,10,"
      ",,,DK-CVR-20699310,2,21,"
      ",,,DK-CVR-20699310,4,21,,,,,,,,,,,,,,,,,,,,,,,,,,,,,,,,2,,2020-01-01,2,,2020-01-01,1,,2021-12-31,3,,,,"
      ",,,,,,,,JO,100,,,,,,,,,,,,,,,,,,,,,,,,,,,,,,,,,,,,,,,,,,,,16020,100,1,,,,,,,,,,,,,,,,,,,,,,,,,,,,,,,,,,3,1,1,,,,,,,,,,,,,,,,,,,,,,,,,,,,,,,,,,,,30,,110,,B03,1,,,,,5,"
      ",1,,,,,,,,,,,,,,,,,,,,,,"
      ",,,"
      ",,,"
      ",,,"
      ",,,"
      ",,,"
      ",,,"
      ",,,,,,,,,,,,,,,,,,,,,,,,,,,,,,,,,,,,,,,,,,,DK-CVR-20699310-DK19938,1,,,,,,,,,,,,,,,,,,,,,,,,,,,,,,,,,,,,,,,,,,,,,,,,,,,,,,
drc-activities,"
    ",DKK,1,1,2021-02-24T16:39:39+00:00,,en,DK-CVR-20699310-DK201717,"
      ",DK-CVR-20699310,21,"
      ","
      ",1,"
      ",4,,,,,,,,,,"
      ",,,XM-DAC-3-1,1,10,"
      ",,,DK-CVR-20699310,2,21,"
      ",,,DK-CVR-20699310,4,21,,,,,,,,,,,,,,,,,,,,,,,,,,,,,,,,2,,2020-01-01,2,,2020-01-01,1,,2021-12-31,3,,,,"
      ",,,,,,,,LB,97.96,,JO,2.04,,,,,,,,,,,,,,,,,,,,,,,,,,,,,,,,,,,,,,,,,16020,100,1,,,,,,,,,,,,,,,,,,,,,,,,,,,,,,,,,,3,1,1,,,,,,,,,,,,,,,,,,,,,,,,,,,,,,,,,,,,30,,110,,B03,1,,,,,5,"
      ",1,,,,,,,,,,,,,,,,,,,,,,"
      ",,,"
      ",,,"
      ",,,"
      ",,,"
      ",,,"
      ",,,"
      ",,,"
      ",,,,,,,,,,,,,,,,,,,,,,,,,,,,,,,,,,,,,,,,DK-CVR-20699310-DK19938,1,,,,,,,,,,,,,,,,,,,,,,,,,,,,,,,,,,,,,,,,,,,,,,,,,,,,,,
drc-activities,"
    ",DKK,1,1,2021-02-24T16:45:55+00:00,,en,DK-CVR-20699310-DK201719,"
      ",DK-CVR-20699310,21,"
      ","
      ",1,,,,,,,,,,,,"
      ",,,XM-DAC-3-1,1,10,"
      ",,,DK-CVR-20699310,2,21,"
      ",,,DK-CVR-20699310,4,21,,,,,,,,,,,,,,,,,,,,,,,,,,,,,,,,2,,2020-01-01,2,,2020-01-01,1,,2021-12-31,3,,,,"
      ",,,,,,,,JO,100,,,,,,,,,,,,,,,,,,,,,,,,,,,,,,,,,,,,,,,,,,,,16020,100,1,,,,,,,,,,,,,,,,,,,,,,,,,,,,,,,,,,3,1,1,,,,,,,,,,,,,,,,,,,,,,,,,,,,,,,,,,,,30,,110,,B03,1,,,,,5,"
      ",1,,,,,,,,,,,,,,,,,,,,,,"
      ",,,"
      ",,,"
      ",,,"
      ",,,"
      ",,,"
      ",,,"
      ",,,,,,,,,,,,,,,,,,,,,,,,,,,,,,,,,,,,,,,,,,,DK-CVR-20699310-DK19938,1,,,,,,,,,,,,,,,,,,,,,,,,,,,,,,,,,,,,,,,,,,,,,,,,,,,,,,
drc-activities,"
    ",DKK,1,1,2021-02-24T16:53:48+00:00,,en,DK-CVR-20699310-DK201704,"
      ",DK-CVR-20699310,21,"
      ","
      ",1,"
      ",4,,,,,,,,,,"
      ",,,XM-DAC-3-1,1,10,"
      ",,,DK-CVR-20699310,2,21,"
      ",,,DK-CVR-20699310,4,21,,,,,,,,,,,,,,,,,,,,,,,,,,,,,,,,2,,2020-01-01,2,,2020-01-01,1,,2021-12-31,3,,,,"
      ",,,,,,,,AF,100,,,,,,,,,,,,,,,,,,,,,,,,,,,,,,,,,,,,,,,,,,,,72010,30,1,,,16020,30,1,,15160,40,1,,,,,,,,,,,,,,,,,,,,,,,,,3,1,1,,,,,,,,,,,,,,,,,,,,,,,,,,,,,,,,,,,,30,,110,,B03,1,,,,,5,"
      ",1,,,,,,,,,,,,,,,,,,,,,,"
      ",,,"
      ",,,"
      ",,,"
      ",,,"
      ",,,"
      ",,,"
      ",,,"
      ",,,,,,,,,,,,,,,,,,,,,,,,,,,,,,,,,,,,,,,,DK-CVR-20699310-DK2112467,1,,,,,,,,,,,,,,,,,,,,,,,,,,,,,,,,,,,,,,,,,,,,,,,,,,,,,,
drc-activities,"
    ",DKK,1,1,2021-02-24T16:56:36+00:00,,en,DK-CVR-20699310-DK201708,"
      ",DK-CVR-20699310,21,"
      ","
      ",1,,,,,,,,,,,,"
      ",,,XM-DAC-3-1,1,10,"
      ",,,DK-CVR-20699310,2,21,"
      ",,,DK-CVR-20699310,4,21,,,,,,,,,,,,,,,,,,,,,,,,,,,,,,,,2,,2020-01-01,2,,2020-01-01,1,,2021-12-31,3,,,,"
      ",,,,,,,,TR,100,,,,,,,,,,,,,,,,,,,,,,,,,,,,,,,,,,,,,,,,,,,,15160,100,1,,,,,,,,,,,,,,,,,,,,,,,,,,,,,,,,,,3,1,1,,,,,,,,,,,,,,,,,,,,,,,,,,,,,,,,,,,,30,,110,,B03,1,,,,,5,"
      ",1,,,,,,,,,,,,,,,,,,,,,,"
      ",,,"
      ",,,"
      ",,,"
      ",,,"
      ",,,"
      ",,,"
      ",,,,,,,,,,,,,,,,,,,,,,,,,,,,,,,,,,,,,,,,,,,DK-CVR-20699310-DK2112467,1,,,,,,,,,,,,,,,,,,,,,,,,,,,,,,,,,,,,,,,,,,,,,,,,,,,,,,
drc-activities,"
    ",DKK,1,1,2021-02-24T16:57:36+00:00,,en,DK-CVR-20699310-DK201720,"
      ",DK-CVR-20699310,21,"
      ","
      ",1,,,,,,,,,,,,"
      ",,,XM-DAC-3-1,1,10,"
      ",,,DK-CVR-20699310,2,21,"
      ",,,DK-CVR-20699310,4,21,,,,,,,,,,,,,,,,,,,,,,,,,,,,,,,,2,,2020-01-01,2,,2020-01-01,1,,2021-12-31,3,,,,"
      ",,,,,,,,TR,100,,,,,,,,,,,,,,,,,,,,,,,,,,,,,,,,,,,,,,,,,,,,16020,100,1,,,,,,,,,,,,,,,,,,,,,,,,,,,,,,,,,,3,1,1,,,,,,,,,,,,,,,,,,,,,,,,,,,,,,,,,,,,30,,110,,B03,1,,,,,5,"
      ",1,,,,,,,,,,,,,,,,,,,,,,"
      ",,,"
      ",,,"
      ",,,"
      ",,,"
      ",,,"
      ",,,"
      ",,,,,,,,,,,,,,,,,,,,,,,,,,,,,,,,,,,,,,,,,,,DK-CVR-20699310-DK2112467,1,,,,,,,,,,,,,,,,,,,,,,,,,,,,,,,,,,,,,,,,,,,,,,,,,,,,,,
drc-activities,"
    ",DKK,1,1,2021-02-24T16:59:04+00:00,,en,DK-CVR-20699310-DK201718,"
      ",DK-CVR-20699310,21,"
      ","
      ",1,,,,,,,,,,,,"
      ",,,XM-DAC-3-1,1,10,"
      ",,,DK-CVR-20699310,2,21,"
      ",,,DK-CVR-20699310,4,21,,,,,,,,,,,,,,,,,,,,,,,,,,,,,,,,2,,2020-01-01,2,,2020-01-01,1,,2021-12-31,3,,,,"
      ",,,,,,,,LB,9.05,,JO,90.95,,,,,,,,,,,,,,,,,,,,,,,,,,,,,,,,,,,,,,,,,16020,100,1,,,,,,,,,,,,,,,,,,,,,,,,,,,,,,,,,,3,1,1,,,,,,,,,,,,,,,,,,,,,,,,,,,,,,,,,,,,30,,110,,B03,1,,,,,5,"
      ",1,,,,,,,,,,,,,,,,,,,,,,"
      ",,,"
      ",,,"
      ",,,"
      ",,,"
      ",,,"
      ",,,"
      ",,,,,,,,,,,,,,,,,,,,,,,,,,,,,,,,,,,,,,,,,,,DK-CVR-20699310-DK19938,1,,,,,,,,,,,,,,,,,,,,,,,,,,,,,,,,,,,,,,,,,,,,,,,,,,,,,,
drc-activities,"
    ",DKK,1,1,2021-03-05T09:27:44+00:00,,en,DK-CVR-20699310-DF212759,"
      ",DK-CVR-20699310,21,"
      ","
      ",1,,,,,,,,,,,,"
      ",,,GB-GOV-1,1,10,"
      ",,,DK-CVR-20699310,2,21,"
      ",,,DK-CVR-20699310,4,21,,,,,,,,,,,,,,,,,,,,,,,,,,,,,,,,2,,2021-01-01,1,,2021-03-31,3,,,,,,,"
      ",1,,4,,,,,ET,100,,,,,,,,,,,,,,,,,,,,,,,,,,,,,,,,,,,,,,,,,,,,72010,100,1,,,,,,,,,,,,,,,,,,,,,,,,,,,,,,,,,,,,,,,,,,,,,,,,,,,,,,,,,,,,,,,,,,,,,,,,30,,110,,C01,1,,,,,5,"
      ",2,1,,,,,,,,,,,,,,,,,,,,,"
      ",,,"
      ",,,"
      ",,,"
      ",,,,,,,,,,,,,,,,,,,,,,,,,,,,,,,,,,,,,,,,,,,,,,,,,,,,,,,,,,,,,,,,,,,,,,,,,,,,,,,,,,,,,,,,,,,,,,,,,,,,,,,,,,,
drc-activities,"
    ",DKK,1,1,2021-02-25T14:24:59+00:00,,en,DK-CVR-20699310-DK202628,"
      ",DK-CVR-20699310,21,"
      ","
      ",1,,,,,,,,,,,,"
      ",,,,1,10,"
      ",,,DK-CVR-20699310,2,21,"
      ",,,DK-CVR-20699310,4,21,,,,,,,,,,,,,,,,,,,,,,,,,,,,,,,,2,,2021-01-01,2,,2021-01-01,1,,2021-12-31,3,,,,"
      ",,,,,,,,DK,100,,,,,,,,,,,,,,,,,,,,,,,,,,,,,,,,,,,,,,,,,,,,15160,33.33,1,,,72010,33.33,1,,72050,33.33,1,,,,,,,,,,,,,,,,,,,,,,,,,3,1,1,,,,,,,,,,,,,,,,,,,,,,,,,,,,,,,,,,,,30,,110,,B03,1,,,,,5,"
      ",1,,,,,,,,,,,,,,,,,,,,,,"
      ",,,"
      ",,,,,,,,,,,,,,,,,,,,,,,,,,,,,,,,,,,,,,,,,,,,,,,,,,,,,,,,,,DK-CVR-20699310-DK19938,1,,,,,,,,,,,,,,,,,,,,,,,,,,,,,,,,,,,,,,,,,,,,,,,,,,,,,,
drc-activities,"
    ",DKK,1,1,2021-02-25T14:29:43+00:00,,en,DK-CVR-20699310-DK202691,"
      ",DK-CVR-20699310,21,"
      ","
      ",1,,,,,,,,,,,,"
      ",,,,1,10,"
      ",,,DK-CVR-20699310,2,21,"
      ",,,DK-CVR-20699310,4,21,,,,,,,,,,,,,,,,,,,,,,,,,,,,,,,,2,,2021-01-01,2,,2021-01-01,1,,2021-12-31,3,,,,"
      ",,,,,,,,CO,1.88,,DK,91.72,,KE,,,UG,6.4,,,,,,,,,,,,,,,,,,,,,,,,,,,,,,,,,,,43010,100,1,,,,,,,,,,,,,,,,,,,,,,,,,,,,,,,,,,3,1,1,,,,,,,,,,,,,,,,,,,,,,,,,,,,,,,,,,,,30,,110,,B03,1,,,,,5,"
      ",1,,,,,,,,,,,,,,,,,,,,,,"
      ",,,"
      ",,,"
      ",,,,,,,,,,,,,,,,,,,,,,,,,,,,,,,,,,,,,,,,,,,,,,,,,,,,,,,DK-CVR-20699310-DK19938,1,,,,,,,,,,,,,,,,,,,,,,,,,,,,,,,,,,,,,,,,,,,,,,,,,,,,,,
drc-activities,"
    ",DKK,1,1,2021-02-25T14:32:54+00:00,,en,DK-CVR-20699310-DK201710,"
      ",DK-CVR-20699310,21,"
      ","
      ",1,"
      ",4,,,,,,,,,,"
      ",,,XM-DAC-3-1,1,10,"
      ",,,DK-CVR-20699310,2,21,"
      ",,,DK-CVR-20699310,4,21,,,,,,,,,,,,,,,,,,,,,,,,,,,,,,,,2,,2020-01-01,2,,2020-01-01,1,,2021-12-31,3,,,,"
      ",,,,,,,,JO,0.52,,YE,99.48,,,,,,,,,,,,,,,,,,,,,,,,,,,,,,,,,,,,,,,,,72010,17,1,,,43071,24,1,,16020,33,1,,15160,26,1,,,,,,,,,,,,,,,,,,,,,3,1,1,,,,,,,,,,,,,,,,,,,,,,,,,,,,,,,,,,,,30,,110,,B03,1,,,,,5,"
      ",1,,,,,,,,,,,,,,,,,,,,,,"
      ",,,"
      ",,,"
      ",,,"
      ",,,"
      ",,,"
      ",,,"
      ",,,"
      ",,,,,,,,,,,,,,,,,,,,,,,,,,,,,,,,,,,,,,,,DK-CVR-20699310-DK19938,1,,,,,,,,,,,,,,,,,,,,,,,,,,,,,,,,,,,,,,,,,,,,,,,,,,,,,,
drc-activities,"
    ",DKK,1,1,2021-02-25T14:45:04+00:00,,en,DK-CVR-20699310-DK201707,"
      ",DK-CVR-20699310,21,"
      ","
      ",1,,,,,,,,,,,,"
      ",,,XM-DAC-3-1,1,10,"
      ",,,DK-CVR-20699310,2,21,"
      ",,,DK-CVR-20699310,4,21,,,,,,,,,,,,,,,,,,,,,,,,,,,,,,,,2,,2020-01-01,2,,2020-01-01,1,,2021-12-31,3,,,,"
      ",,,,,,,,DK,89.49,,SN,10.51,,,,,,,,,,,,,,,,,,,,,,,,,,,,,,,,,,,,,,,,,72050,100,1,,,,,,,,,,,,,,,,,,,,,,,,,,,,,,,,,,3,1,1,,,,,,,,,,,,,,,,,,,,,,,,,,,,,,,,,,,,30,,110,,B03,1,,,,,5,"
      ",1,,,,,,,,,,,,,,,,,,,,,,"
      ",,,"
      ",,,"
      ",,,"
      ",,,,,,,,,,,,,,,,,,,,,,,,,,,,,,,,,,,,,,,,,,,,,,,,,,,,DK-CVR-20699310-DK2112467,1,,,,,,,,,,,,,,,,,,,,,,,,,,,,,,,,,,,,,,,,,,,,,,,,,,,,,,
drc-activities,"
    ",DKK,1,1,2021-02-25T14:49:19+00:00,,en,DK-CVR-20699310-DK201702,"
      ",DK-CVR-20699310,21,"
      ","
      ",1,"
      ",4,,,,,,,,,,"
      ",,,XM-DAC-3-1,1,10,"
      ",,,DK-CVR-20699310,2,21,"
      ",,,DK-CVR-20699310,4,21,,,,,,,,,,,,,,,,,,,,,,,,,,,,,,,,2,,2020-01-01,2,,2020-01-01,1,,2021-12-31,3,,,,"
      ",,,,,,,,CD,7.49,,KE,79.56,,SO,2.8,,UG,10.15,,,,,,,,,,,,,,,,,,,,,,,,,,,,,,,,,,,15160,50,1,,,72010,50,1,,,,,,,,,,,,,,,,,,,,,,,,,,,,,3,1,1,,,,,,,,,,,,,,,,,,,,,,,,,,,,,,,,,,,,30,,110,,B03,1,,,,,5,"
      ",1,,,,,,,,,,,,,,,,,,,,,,"
      ",,,"
      ",,,"
      ",,,"
      ",,,"
      ",,,"
      ",,,"
      ",,,"
      ",,,"
      ",,,,,,,,,,,,,,,,,,,,,,,,,,,,,,,,,,,,,DK-CVR-20699310-DK19938,1,,,,,,,,,,,,,,,,,,,,,,,,,,,,,,,,,,,,,,,,,,,,,,,,,,,,,,
drc-activities,"
    ",DKK,1,1,2021-02-25T14:52:51+00:00,,en,DK-CVR-20699310-DK201706,"
      ",DK-CVR-20699310,21,"
      ","
      ",1,"
      ",4,,,,,,,,,,"
      ",,,XM-DAC-3-1,1,10,"
      ",,,DK-CVR-20699310,2,21,"
      ",,,DK-CVR-20699310,4,21,,,,,,,,,,,,,,,,,,,,,,,,,,,,,,,,2,,2020-01-01,2,,2020-01-01,1,,2021-12-31,3,,,,"
      ",,,,,,,,DK,94.36,,SO,5.64,,,,,,,,,,,,,,,,,,,,,,,,,,,,,,,,,,,,,,,,,72010,100,1,,,,,,,,,,,,,,,,,,,,,,,,,,,,,,,,,,3,1,1,,,,,,,,,,,,,,,,,,,,,,,,,,,,,,,,,,,,30,,110,,B03,1,,,,,5,"
      ",1,,,,,,,,,,,,,,,,,,,"
      ",,,"
      ",,,"
      ",,,"
      ",,,"
      ",,,"
      ",,,"
      ",,,"
      ",,,"
      ",,,"
      ",,,,,,,,,,,,,,,,,,,,,,,,,,,,,,,,,,,,,DK-CVR-20699310-DK2112467,1,,,,,,,,,,,,,,,,,,,,,,,,,,,,,,,,,,,,,,,,,,,,,,,,,,,,,,
drc-activities,"
    ",DKK,1,1,2021-02-25T15:08:02+00:00,,en,DK-CVR-20699310-DK1926,"
      ",DK-CVR-20699310,21,"
      ","
      ",1,"
      ",4,,,,,,,,,,"
      ",XM-DAC-3-1,,,1,10,"
      ",,,DK-CVR-20699310,2,21,"
      ",,,DK-CVR-20699310,4,21,,,,,,,,,,,,,,,,,,,,,,,,,,,,,,,,4,,2019-01-01,2,,2019-12-31,4,,2019-01-01,1,,2019-12-31,3,"
      ",,,,,,,,AF,87.01,,DK,4.5,,MM,8.49,,,,,,,,,,,,,,,,,,,,,,,,,,,,,,,,,,,,,,72010,50,1,,,15160,50,1,,,,,,,,,,,,,,,,,,,,,,,,,,,,,3,1,1,,,,,,,,,,,,,,,,,,,,,,,,,,,,,,,,,,,,30,,110,,B03,1,,,,,5,"
      ",1,1,,,,,,,,,,,,,,,,,,,,,"
      ",,,"
      ",,,"
      ",,,"
      ",,,"
      ",,,"
      ",,,"
      ",,,,,,,,,,,,,,,,,,,,,,,,,,,,,,,,,,,,,,,,,,,DK-CVR-20699310-DK2112467,1,,,,,,,,,,,,,,,,,,,,,,,,,,,,,,,,,,,,,,,,,,,,,,,,,,,,,,
drc-activities,"
    ",DKK,1,1,2021-02-25T15:49:26+00:00,,en,DK-CVR-20699310-DK201691,"
      ",DK-CVR-20699310,21,"
      ","
      ",1,,,,,,,,,,,,"
      ",,,XM-DAC-3-1,1,10,"
      ",,,DK-CVR-20699310,2,21,"
      ",,,DK-CVR-20699310,4,21,,,,,,,,,,,,,,,,,,,,,,,,,,,,,,,,2,,2020-01-01,2,,2020-01-01,1,,2021-12-31,3,,,,"
      ",,,,,,,,TN,3.86,,SD,96.14,,,,,,,,,,,,,,,,,,,,,,,,,,,,,,,,,,,,,,,,,15160,25,1,,,73010,25,1,,72010,50,1,,,,,,,,,,,,,,,,,,,,,,,,,3,1,1,,,,,,,,,,,,,,,,,,,,,,,,,,,,,,,,,,,,30,,110,,B03,1,,,,,5,"
      ",1,,,,,,,,,,,,,,,,,,,,,,"
      ",,,"
      ",,,"
      ",,,"
      ",,,"
      ",,,"
      ",,,,,,,,,,,,,,,,,,,,,,,,,,,,,,,,,,,,,,,,,,,,,,DK-CVR-20699310-DK19938,1,,,,,,,,,,,,,,,,,,,,,,,,,,,,,,,,,,,,,,,,,,,,,,,,,,,,,,
drc-activities,"
    ",DKK,1,1,2021-02-25T15:52:26+00:00,,en,DK-CVR-20699310-DK201832,"
      ",DK-CVR-20699310,21,"
      ","
      ",1,,,,,,,,,,,,"
      ",,,,1,10,"
      ",,,DK-CVR-20699310,2,21,"
      ",,,DK-CVR-20699310,4,21,,,,,,,,,,,,,,,,,,,,,,,,,,,,,,,,2,,2020-01-01,2,,2020-01-01,1,,2021-12-31,3,,,,"
      ",,,,,,,,DK,97.59,,JO,2.41,,,,,,,,,,,,,,,,,,,,,,,,,,,,,,,,,,,,,,,,,15160,100,1,,,,,,,,,,,,,,,,,,,,,,,,,,,,,,,,,,3,1,1,,,,,,,,,,,,,,,,,,,,,,,,,,,,,,,,,,,,30,,110,,B03,1,,,,,5,"
      ",1,,,,,,,,,,,,,,,,,,,,,,"
      ",,,"
      ",,,"
      ",,,"
      ",,,"
      ",,,"
      ",,,"
      ",,,"
      ",,,,,,,,,,,,,,,,,,,,,,,,,,,,,,,,,,,,,,,,DK-CVR-20699310-DK19938,1,,,,,,,,,,,,,,,,,,,,,,,,,,,,,,,,,,,,,,,,,,,,,,,,,,,,,,
drc-activities,"
    ",DKK,1,1,2021-02-25T15:54:59+00:00,,en,DK-CVR-20699310-DK201684,"
      ",DK-CVR-20699310,21,"
      ","
      ",1,,,,,,,,,,,,"
      ",,,XM-DAC-3-1,1,10,"
      ",,,DK-CVR-20699310,2,21,"
      ",,,DK-CVR-20699310,4,21,,,,,,,,,,,,,,,,,,,,,,,,,,,,,,,,2,,2020-01-01,2,,2020-01-01,1,,2021-12-31,3,,,,"
      ",,,,,,,,ML,100,,,,,,,,,,,,,,,,,,,,,,,,,,,,,,,,,,,,,,,,,,,,15160,100,1,,,,,,,,,,,,,,,,,,,,,,,,,,,,,,,,,,3,1,1,,,,,,,,,,,,,,,,,,,,,,,,,,,,,,,,,,,,30,,110,,B03,1,,,,,5,"
      ",1,,,,,,,,,,,,,,,,,,,,,,"
      ",,,"
      ",,,"
      ",,,"
      ",,,"
      ",,,"
      ",,,,,,,,,,,,,,,,,,,,,,,,,,,,,,,,,,,,,,,,,,,,,,DK-CVR-20699310-DK19938,1,,,,,,,,,,,,,,,,,,,,,,,,,,,,,,,,,,,,,,,,,,,,,,,,,,,,,,
drc-activities,"
    ",DKK,1,1,2021-02-25T16:16:16+00:00,,en,DK-CVR-20699310-DK201712,"
      ",DK-CVR-20699310,21,"
      ","
      ",1,"
      ",4,,,,,,,,,,"
      ",,,XM-DAC-3-1,1,10,"
      ",,,DK-CVR-20699310,2,21,"
      ",,,DK-CVR-20699310,4,21,,,,,,,,,,,,,,,,,,,,,,,,,,,,,,,,2,,2020-01-01,2,,2020-01-01,1,,2021-12-31,3,,,,"
      ",,,,,JO,10.28,,BI,6.37,,BF,8.13,,BD,6.03,,DJ,0.72,,DK,39.24,,DZ,7.29,,IT,1.33,,JO,1.24,,KE,2.53,,,,,,,,,,,,,,,,,,,,72010,15,1,,,16020,60,1,,15160,25,1,,,,,,,,,,,,,,,,,,,,,,,,,3,1,1,,,,,,,,,,,,,,,,,,,,,,,,,,,,,,,,,,,,30,,110,,B03,1,,,,,5,"
      ",1,,,,,,,,,,,,,,,,,,,,,,"
      ",,,"
      ",,,"
      ",,,"
      ",,,"
      ",,,"
      ",,,"
      ",,,"
      ",,,,,,,,,,,,,,,,,,,,,,,,,,,,,,,,,,,,,,,,DK-CVR-20699310-DK19938,1,,,,,,,,,,,,,,,,,,,,,,,,,,,,,,,,,,,,,,,,,,,,,,,,,,,,,,
drc-activities,"
    ",DKK,1,1,2021-02-25T16:17:35+00:00,,en,DK-CVR-20699310-DK201715,"
      ",DK-CVR-20699310,21,"
      ","
      ",1,"
      ",4,,,,,,,,,,"
      ",,,,1,10,"
      ",,,DK-CVR-20699310,2,21,"
      ",,,DK-CVR-20699310,4,21,,,,,,,,,,,,,,,,,,,,,,,,,,,,,,,,2,,2020-01-01,2,,2020-01-01,1,,2020-12-31,4,,,,"
      ",,,,,,,,BI,0.36,,DK,98.25,,MM,0.79,,UG,0.6,,,,,,,,,,,,,,,,,,,,,,,,,,,,,,,,,,,15160,100,1,,,,,,,,,,,,,,,,,,,,,,,,,,,,,,,,,,3,1,1,,,,,,,,,,,,,,,,,,,,,,,,,,,,,,,,,,,,30,,110,,B03,1,,,,,5,"
      ",1,,,,,,,,,,,,,,,,,,,,,,"
      ",,,"
      ",,,"
      ",,,"
      ",,,"
      ",,,"
      ",,,"
      ",,,"
      ",,,"
      ",,,,,,,,,,,,,,,,,,,,,,,,,,,,,,,,,,,,,DK-CVR-20699310-DK19938,1,,DK-CVR-20699310-DK202691,2,,DK-CVR-20699310-DK202628,2,,,,,,,,,,,,,,,,,,,,,,,,,,,,,,,,,,,,,,,,,,,,,,,,
drc-activities,"
    ",DKK,1,1,2021-02-26T12:14:36+00:00,,en,DK-CVR-20699310-DK201709,"
      ",DK-CVR-20699310,21,"
      ","
      ",1,,,,,,,,,,,,"
      ",,,XM-DAC-3-1,1,10,"
      ",,,DK-CVR-20699310,2,21,"
      ",,,DK-CVR-20699310,4,21,,,,,,,,,,,,,,,,,,,,,,,,,,,,,,,,2,,2020-01-01,2,,2020-01-01,1,,2021-12-31,3,,,,"
      ",,,,,,,,JO,100,,,,,,,,,,,,,,,,,,,,,,,,,,,,,,,,,,,,,,,,,,,,72010,100,1,,,,,,,,,,,,,,,,,,,,,,,,,,,,,,,,,,3,1,1,,,,,,,,,,,,,,,,,,,,,,,,,,,,,,,,,,,,30,,110,,B03,1,,,,,5,"
      ",1,,,,,,,,,,,,,,,,,,,,,,"
      ",,,"
      ",,,"
      ",,,"
      ",,,"
      ",,,"
      ",,,,,,,,,,,,,,,,,,,,,,,,,,,,,,,,,,,,,,,,,,,,,,DK-CVR-20699310-DK2112467,1,,,,,,,,,,,,,,,,,,,,,,,,,,,,,,,,,,,,,,,,,,,,,,,,,,,,,,
drc-activities,"
    ",DKK,1,1,2021-02-26T12:57:50+00:00,,en,DK-CVR-20699310-DK201705,"
      ",DK-CVR-20699310,21,"
      ","
      ",1,"
      ",4,,,,,,,,,,"
      ",,,XM-DAC-3-1,1,10,"
      ",,,DK-CVR-20699310,2,21,"
      ",,,DK-CVR-20699310,4,21,,,,,,,,,,,,,,,,,,,,,,,,,,,,,,,,2,,2020-01-01,2,,2020-01-01,1,,2021-12-31,3,,,,"
      ",,,,,,,,IQ,96.65,,JO,3.35,,,,,,,,,,,,,,,,,,,,,,,,,,,,,,,,,,,,,,,,,72010,100,1,,,,,,,,,,,,,,,,,,,,,,,,,,,,,,,,,,3,1,1,,,,,,,,,,,,,,,,,,,,,,,,,,,,,,,,,,,,30,,110,,B03,1,,,,,5,"
      ",1,,,,,,,,,,,,,,,,,,,,,,"
      ",,,"
      ",,,"
      ",,,"
      ",,,"
      ",,,"
      ",,,"
      ",,,"
      ",,,,,,,,,,,,,,,,,,,,,,,,,,,,,,,,,,,,,,,,DK-CVR-20699310-DK2112467,1,,,,,,,,,,,,,,,,,,,,,,,,,,,,,,,,,,,,,,,,,,,,,,,,,,,,,,
drc-activities,"
    ",DKK,1,1,2021-02-26T13:01:57+00:00,,en,DK-CVR-20699310-DK201696,"
      ",DK-CVR-20699310,21,"
      ","
      ",1,"
      ",4,,,,,,,,,,"
      ",,,XM-DAC-3-1,1,10,"
      ",,,DK-CVR-20699310,2,21,"
      ",,,DK-CVR-20699310,4,21,,,,,,,,,,,,,,,,,,,,,,,,,,,,,,,,2,,2020-01-01,2,,2020-01-01,1,,2021-12-31,3,,,,"
      ",,,,,,,,KE,0.01,,SO,99.99,,,,,,,,,,,,,,,,,,,,,,,,,,,,,,,,,,,,,,,,,15250,10,1,,,72010,45,1,,15160,45,1,,,,,,,,,,,,,,,,,,,,,,,,,3,1,1,,,,,,,,,,,,,,,,,,,,,,,,,,,,,,,,,,,,30,,110,,B03,1,,,,,5,"
      ",1,,,,,,,,,,,,,,,,,,,,,,"
      ",,,"
      ",,,"
      ",,,"
      ",,,"
      ",,,"
      ",,,"
      ",,,"
      ",,,,,,,,,,,,,,,,,,,,,,,,,,,,,,,,,,,,,,,,DK-CVR-20699310-DK19938,1,,,,,,,,,,,,,,,,,,,,,,,,,,,,,,,,,,,,,,,,,,,,,,,,,,,,,,
