filename,iati-activity/iati-identifier[1],iati-activity/transaction/provider-org,iati-activity/transaction/provider-org@provider-activity-id,iati-activity/transaction/provider-org@ref,iati-activity/transaction/provider-org@type,iati-activity/transaction/provider-org/narrative[1],iati-activity/transaction/provider-org/narrative[1]@{http://www.w3.org/XML/1998/namespace}lang
drc-activities,DK-CVR-20699310-DF20381,"
        ",,DK-CVR-20699310,21,Danish Refugee Council ,
drc-activities,DK-CVR-20699310-DF20381,,DK-CVR-20699310-DF20381,DK-CVR-20699310,21,,
drc-activities,DK-CVR-20699310-DF20381,"
        ",GB-GOV-1-300461,GB-GOV-1,10,DFID (UK department for International Development),
drc-activities,DK-CVR-20699310-DF20381,"
        ",GB-GOV-1-300461,GB-GOV-1,10,DFID (UK Department for International Development),
drc-activities,DK-CVR-20699310-DF20381,"
        ",GB-GOV-1-300461,GB-GOV-1,10,DFID (UK Department for International Development),
drc-activities,DK-CVR-20699310-DF20381,"
        ",DK-CVR-20699310-DF20381,DK-CVR-20699310,21,Danish Refugee Council,
drc-activities,DK-CVR-20699310-DF20381,"
        ",DK-CVR-20699310-DF20381,DK-CVR-20699310,21,Danish Refugee Council,
drc-activities,DK-CVR-20699310-DF20381,,,,,,
drc-activities,DK-CVR-20699310-DF20381,,,,,,
drc-activities,DK-CVR-20699310-DF20381,,,,,,
drc-activities,DK-CVR-20699310-DF20381,,,,,,
drc-activities,DK-CVR-20699310-DF20381,,,,,,
drc-activities,DK-CVR-20699310-DF20381,,,,,,
drc-activities,DK-CVR-20699310-DF20381,"
        ",GB-GOV-1-300461,GB-GOV-1,10,DFID (UK Department for International Development),
drc-activities,DK-CVR-20699310-DF20381,"
        ",GB-GOV-1-300461,GB-GOV-1,10,DFID (UK Department for International Development),
drc-activities,DK-CVR-20699310-DF20381,"
        ",GB-GOV-1-300461,GB-GOV-1,10,DFID (UK Department for International Development),
drc-activities,DK-CVR-20699310-DF20381,"
        ",GB-GOV-1-300461,GB-GOV-1,10,DFID (UK Department for International Development),
drc-activities,DK-CVR-20699310-DF20381,"
        ",GB-GOV-1-300461,GB-GOV-1,10,DFID (UK department for International Development),
drc-activities,DK-CVR-20699310-DF20381,,,,,,
drc-activities,DK-CVR-20699310-DF20381,"
        ",DK-CVR-20699310-DF20381,DK-CVR-20699310,21,Danish Refugee Council,
drc-activities,DK-CVR-20699310-DF20381,"
        ",DK-CVR-20699310-DF20381,DK-CVR-20699310,21,Danish Refugee Council,
drc-activities,DK-CVR-20699310-DF20381,"
        ",DK-CVR-20699310-DF20381,DK-CVR-20699310,21,Danish Refugee Council,
drc-activities,DK-CVR-20699310-DF20381,"
        ",DK-CVR-20693310-DF20381,DK-CVR-20699310,21,Danish Refugee Council,
drc-activities,DK-CVR-20699310-DF20381,"
        ",DK-CVR-20699310-DF20381,DK-CVR-20699310,21,Danish Refugee Council,
drc-activities,DK-CVR-20699310-DF20381,"
        ",DK-CVR-20699310-DF20381,DK-CVR-20699310,21,Danish Refugee Council,
drc-activities,DK-CVR-20699310-DF20381,"
        ",DK-CVR-20699310-DF20381,DK-CVR-20699310,21,Danish Refugee Council,
drc-activities,DK-CVR-20699310-DF20381,"
        ",DK-CVR-20699310-DF20381,DK-CVR-20699310,21,Danish Refugee Council,
drc-activities,DK-CVR-20699310-DF20381,"
        ",DK-CVR-20699310-DF20381,DK-CVR-20699310,21,Danish Refugee Council,
drc-activities,DK-CVR-20699310-DF20381,"
        ",DK-CVR-20699310-DF20381,DK-CVR-20699310,21,Danish Refugee Council,
drc-activities,DK-CVR-20699310-DF20381,"
        ",DK-CVR-20699310-DF20381,DK-CVR-20699310,21,Danish Refugee Council,
drc-activities,DK-CVR-20699310-DF20381,"
        ",DK-CVR-20699310-DF20381,DK-CVR-20699310,21,Danish Refugee Council,
drc-activities,DK-CVR-20699310-DF20381,,,,,,
drc-activities,DK-CVR-20699310-DF20381,"
        ",,DK-CVR-20699310,21,Danish Refugee Council ,
drc-activities,DK-CVR-20699310-DF20381,,,,,,
drc-activities,DK-CVR-20699310-DF20381,,,,,,
drc-activities,DK-CVR-20699310-DF20381,,,,,,
drc-activities,DK-CVR-20699310-DF18695,"
        ",,DK-CVR-20699310,,Danish Refugee Council,da
drc-activities,DK-CVR-20699310-DF18695,"
        ",,DK-CVR-20699310,21,Danish Refugee Council,en
drc-activities,DK-CVR-20699310-DF18695,"
        ",,DK-CVR-20699310,21,Danish Refugee Council,
drc-activities,DK-CVR-20699310-DF18695,,GB-GOV-1-300357-104,GB-GOV-1,10,,
drc-activities,DK-CVR-20699310-DF18695,"
        ",,DK-CVR-20699310,21,Danish Refugee Council,
drc-activities,DK-CVR-20699310-DF18695,"
        ",DF17695,DK-CVR-20699310,21,Danish Refugee Council,
drc-activities,DK-CVR-20699310-DF18695,"
        ",GB-GOV-1-300357-104,GB-GOV-1,10,DFID,
drc-activities,DK-CVR-20699310-DF18695,,GB-GOV-1-300357-104,GB-GOV-1,10,,
drc-activities,DK-CVR-20699310-DF18695,"
        ",DK-CVR-20699310-DF17695,DK-CVR-20699310,21,Danish Refugee Council,
drc-activities,DK-CVR-20699310-DF18695,"
        ",,DK-CVR-20699310,21,Danish Refugee Council,
drc-activities,DK-CVR-20699310-DF18695,"
        ",,DK-CVR-20699310,21,Danish Refugee Council,
drc-activities,DK-CVR-20699310-DF19726,"
        ",US-EIN-13-5660870-DF143,US-EIN-13-5660870,21,International Rescue Committee Inc,
drc-activities,DK-CVR-20699310-DF19726,"
        ",US-EIN-13-5660870-DF143,US-EIN-13-5660870,21,International Rescue Committee Inc,en
drc-activities,DK-CVR-20699310-DF19726,"
        ",DF143,GB-CHC-1065972,21,International Rescue Committee UK,
drc-activities,DK-CVR-20699310-DF19726,"
        ",US-EIN-13-5660870-DF143,US-EIN-13-5660870,21,International Rescue Committee Inc,en
drc-activities,DK-CVR-20699310-DF19726,"
        ",US-EIN-13-5660870-DF143,US-EIN-13-5660870,21,International Rescue Committee Inc,en
drc-activities,DK-CVR-20699310-DF19726,"
        ",US-EIN-13-5660870-DF143,US-EIN-13-5660870,21,International Rescue Committee Inc,en
drc-activities,DK-CVR-20699310-DF19726,"
        ",US-EIN-13-5660870-DF143,US-EIN-13-5660870,21,International Rescue Committee Inc,en
drc-activities,DK-CVR-20699310-DF19726,"
        ",US-EIN-13-5660870-DF143,US-EIN-13-5660870,21,International Rescue Committee Inc.,en
drc-activities,DK-CVR-20699310-DF19726,"
        ",DK-CVR-20699310-DF16726,DK-CVR-20699310,21,Danish Refugee Council,
drc-activities,DK-CVR-20699310-DF19726,"
        ",DK-CVR-20699310-DF16726,DK-CVR-20699310,21,Danish Refugee Council,
drc-activities,DK-CVR-20699310-DF19726,"
        ",DK-CVR-20699310-DF16726,DK-CVR-20699310,21,Danish Refugee Council,
drc-activities,DK-CVR-20699310-DF19726,"
        ",DK-CVR-20699310-DF16726,DK-CVR-20699310,21,Danish Refugee Council,
drc-activities,DK-CVR-20699310-DF19726,"
        ",DK-CVR-20699310-DF16726,DK-CVR-20699310,21,Danish Refugee Council,
drc-activities,DK-CVR-20699310-DF19726,"
        ",DK-CVR-20699310-DF16726,DK-CVR-20699310,21,Danish Refugee Council,en
drc-activities,DK-CVR-20699310-DF19726,"
        ",DK-CVR-20699310-DF16726,DK-CVR-20699310,21,Danish Refugee Council,en
drc-activities,DK-CVR-20699310-DF19726,"
        ",DK-CVR-20699310-DF16726,DK-CVR-20699310,21,Danish Refugee Council,en
drc-activities,DK-CVR-20699310-DF19726,"
        ",DK-CVR-20699310-DF16726,DK-CVR-20699310,21,Danish Refugee Council,en
drc-activities,DK-CVR-20699310-DK19938,"
        ",XM-DAC-3-1-271673-32612,XM-DAC-3-1,10,Denmark Ministry of Foreign Affairs ,
drc-activities,DK-CVR-20699310-DK19938,"
        ",XM-DAC-3-1-271673-32612,XM-DAC-3,10,"Ministry of Foreign Affairs, Denmark",en
drc-activities,DK-CVR-20699310-DK19938,"
        ",XM-DAC-3-1-271673-32612,XM-DAC-3,10,"Ministry of Foreign Affairs, Denmark",
drc-activities,DK-CVR-20699310-DK19938,"
        ",XM-DAC-3-1-271673-32612,XM-DAC-3-1,10,"Ministry of Foreign Affairs, Denmark",
drc-activities,DK-CVR-20699310-DK19938,"
        ",XM-DAC-3-1-271673-32612,XM-DAC-3-1,10,"Ministry of Foreign Affairs, Denmark",
drc-activities,DK-CVR-20699310-DK19938,"
        ",XM-DAC-3-1-271673-32612,XM-DAC-3-1,10,"Ministry of Foreign Affairs, Denmark",
drc-activities,DK-CVR-20699310-DK19938,"
        ",XM-DAC-3-1-271673-32612,XM-DAC-3-1,10,"Ministry of Foreign Affairs, Denmark",
drc-activities,DK-CVR-20699310-DK19938,"
        ",XM-DAC-3-1-271671-32612,XM-DAC-3-1,10,"Ministry of Foreign Affairs, Denmark",
drc-activities,DK-CVR-20699310-DK19938,"
        ",XM-DAC-3-1-271671-32612,XM-DAC-3,10,Denmark- Ministry of Foreign Affairs,
drc-activities,DK-CVR-20699310-DK19938,"
        ",XM-DAC-3-1-271673-32612,XM-DAC-3-1,10,"Ministry of Foreign Affairs, Denmark",
drc-activities,DK-CVR-20699310-DK19938,"
        ",XM-DAC-3-1-271671-32612,XM-DAC-3-1,10,"Ministry of Foreign Affairs, Denmark",
drc-activities,DK-CVR-20699310-DK19938,"
        ",XM-DAC-3-1-271673-32612,XM-DAC-3-1,10,Denmark-Ministry of Foreign Affairs,
drc-activities,DK-CVR-20699310-DK19938,"
        ",XM-DAC-3-1-271673-32612,XM-DAC-3-1,10,"Ministry of Foreign Affairs, Denmark",
drc-activities,DK-CVR-20699310-DK2112467,"
        ",XM-DAC-3-1-271671-32611,XM-DAC-3-1,10,Denmark Ministry of Foreign Affairs,
drc-activities,DK-CVR-20699310-DK2112467,"
        ",XM-DAC-3-1-271673-32611,XM-DAC-3-1,10,Denmark-Ministry of Foreign Affairs,
drc-activities,DK-CVR-20699310-DK2112467,"
        ",XM-DAC-3-1-271673-32611,XM-DAC-3-1,10,Denmark-Ministry of Foreign Affairs,
drc-activities,DK-CVR-20699310-DK2112467,"
        ",XM-DAC-3-1-271671-32611,XM-DAC-3-1,10,Denmark- Ministry of Foreign Affairs,
drc-activities,DK-CVR-20699310-DK2112467,"
        ",XM-DAC-3-1-271671-32611,XM-DAC-3-1,10,Denmark-Ministry of Foreign Affairs,
drc-activities,DK-CVR-20699310-DK2112467,"
        ",XM-DAC-3-1-271671-32611,XM-DAC-3-1,10,Denmark-Ministry of Foreign Affairs,
drc-activities,DK-CVR-20699310-DK2112467,"
        ",XM-DAC-3-1-271671-32611,XM-DAC-3-1,10,Denmark- Ministry of Foreign Affairs,
drc-activities,DK-CVR-20699310-DK2112467,"
        ",XM-DAC-3-1-271671-32611,XM-DAC-3-1,10,Denmark- Ministry of Foreign Affairs,
drc-activities,DK-CVR-20699310-DF2055,"
        ",,GB-GOV-1,10,DFID UK Department for International Development,
drc-activities,DK-CVR-20699310-DF2055,"
        ",,GB-GOV-1,10,DFID- UK Department for International Development,
drc-activities,DK-CVR-20699310-DF2055,"
        ",,GB-GOV-1,10,DFID- UK Department for International Development,
drc-activities,DK-CVR-20699310-DF2055,"
        ",,GB-GOV-1,10,DFID- UK Department for International Development,
drc-activities,DK-CVR-20699310-DF2055,"
        ",,GB-GOV-1,10,DFID- UK Department for International Development,
drc-activities,DK-CVR-20699310-DF2055,"
        ",,GB-GOV-1,10,DFID- UK Department for International Development,
drc-activities,DK-CVR-20699310-DF2055,"
        ",,GB-GOV-1,10,DFID-UK Department for International Development,
drc-activities,DK-CVR-20699310-DF2055,"
        ",,GB-GOV-1,10,DFID- UK Department for International Development,
drc-activities,DK-CVR-20699310-DF2055,"
        ",,GB-GOV-1,10,DFID-UK Department for International Development,
drc-activities,DK-CVR-20699310-DF2055,"
        ",,GB-GOV-1,10,DFID-UK Department for International Development,
drc-activities,DK-CVR-20699310-DF2055,"
        ",,GB-GOV-1,10,DFID- UK Department for International Development,
drc-activities,DK-CVR-20699310-DF2055,"
        ",,GB-GOV-1,10,DFID UK Department for International Development,
drc-activities,DK-CVR-20699310-DF2055,"
        ",,GB-GOV-1,10,DFID-UK Department for International Development,
drc-activities,DK-CVR-20699310-DF2055,"
        ",,GB-GOV-1,10,DFID- UK Department for International Development,
drc-activities,DK-CVR-20699310-DF2055,"
        ",,GB-GOV-1,10,DFID-UK Department for International Development,
drc-activities,DK-CVR-20699310-DF2055,"
        ",,GB-GOV-1,10,DFID- UK Department for International Development,
drc-activities,DK-CVR-20699310-DF2055,,,,,,
drc-activities,DK-CVR-20699310-DF21849,"
        ",DK-CVR-20699310-DF21849,DK-CVR-20699310,21,Danish Refugee Council,
drc-activities,DK-CVR-20699310-DF21849,"
        ",GB-1-205255-104,GB-GOV-1,10,UK - Department for International Development (DFID),
drc-activities,DK-CVR-20699310-DF21849,"
        ",DK-CVR-20699310-DF21849,DK-CVR-20699310,21,Danish Refugee Council,
drc-activities,DK-CVR-20699310-DF21849,"
        ",,DK-CVR-20699310,21,Danish Refugee Council,
drc-activities,DK-CVR-20699310-DF21849,"
        ",,DK-CVR-20699310,21,Danish Refugee Council,
drc-activities,DK-CVR-20699310-DF21849,"
        ",,DK-CVR-20699310,21,Danish Refugee Council,
drc-activities,DK-CVR-20699310-DF21849,"
        ",,DK-CVR-20699310,21,Danish Refugee Council,
drc-activities,DK-CVR-20699310-DF21849,"
        ",DK-CVR-20699310-DF21849,DK-CVR-20699310,21,Danish Refugee Council,
drc-activities,DK-CVR-20699310-DF21849,"
        ",,DK-CVR-20699310,21,Danish Refugee Council,
drc-activities,DK-CVR-20699310-DF21849,"
        ",,DK-CVR-20699310,21,Danish Refugee Council,
drc-activities,DK-CVR-20699310-DF21849,"
        ",,DK-CVR-20699310,21,Danish Refugee Council,
drc-activities,DK-CVR-20699310-DF21849,"
        ",,DK-CVR-20699310,21,HOT,
drc-activities,DK-CVR-20699310-DF21849,"
        ",,DK-CVR-20699310,21,Danish Refugee Council,
drc-activities,DK-CVR-20699310-DF21849,"
        ",,DK-CVR-20699310,21,Danish Refugee Council,
drc-activities,DK-CVR-20699310-DF21849,"
        ",,DK-CVR-20699310,21,Danish Refugee Council,
drc-activities,DK-CVR-20699310-DF21849,"
        ",,GB-GOV-1,21,Danish Refugee Council,
drc-activities,DK-CVR-20699310-DF21849,"
        ",,DK-CVR-20699310,21,Danish Refugee Council,
drc-activities,DK-CVR-20699310-DF21849,"
        ",,DK-CVR-20699310,21,Danish Refugee Council,
drc-activities,DK-CVR-20699310-DF21849,"
        ",,DK-CVR-20699310,21,Danish Refugee Council,
drc-activities,DK-CVR-20699310-DF21849,"
        ",,DK-CVR-20699310,21,Danish Refugee Council,
drc-activities,DK-CVR-20699310-DF21849,"
        ",,DK-CVR-20699310,21,Danish Refugee Council,
drc-activities,DK-CVR-20699310-DF21849,"
        ",,DK-CVR-20699310,21,Danish Refugee Council,
drc-activities,DK-CVR-20699310-DF21849,"
        ",,DK-CVR-20699310,21,Danish Refugee Council,
drc-activities,DK-CVR-20699310-DF21849,"
        ",,DK-CVR-20699310,21,Danish Refugee Council,
drc-activities,DK-CVR-20699310-DF21849,"
        ",,DK-CVR-20699310,21,Danish Refugee Council,
drc-activities,DK-CVR-20699310-DF21849,"
        ",,DK-CVR-20699310,21,Danish Refugee Council,
drc-activities,DK-CVR-20699310-DF21849,"
        ",,DK-CVR-20699310,21,Danish Refugee Council,
drc-activities,DK-CVR-20699310-DF21849,"
        ",DK-CVR-20699310-DF21849,DK-CVR-20699310,21,Danish Refugee Council,
drc-activities,DK-CVR-20699310-DF21849,"
        ",DK-CVR-20699310-DF21849,DK-CVR-20699310,21,Danish Refugee Council,
drc-activities,DK-CVR-20699310-DF21849,"
        ",,DK-CVR-20699310,21,Danish Refugee Council,
drc-activities,DK-CVR-20699310-DF21849,"
        ",,DK-CVR-20699310,21,Danish Refugee Council,
drc-activities,DK-CVR-20699310-DF21849,"
        ",,DK-CVR-20699310,21,Danish Refugee Council,
drc-activities,DK-CVR-20699310-DF21849,"
        ",,DK-CVR-20699310,21,Danish Refugee Council,
drc-activities,DK-CVR-20699310-DF21849,"
        ",,DK-CVR-20699310,21,Danish Refugee Council,
drc-activities,DK-CVR-20699310-DF21849,"
        ",,DK-CVR-20699310,21,Danish Refugee Council,
drc-activities,DK-CVR-20699310-DF21849,"
        ",,DK-CVR-20699310,21,Danish Refugee Council,
drc-activities,DK-CVR-20699310-DF21849,"
        ",,DK-CVR-20699310,21,Danish Refugee Council,
drc-activities,DK-CVR-20699310-DF21849,"
        ",,DK-CVR-20699310,21,Danish Refugee Council,
drc-activities,DK-CVR-20699310-DF21849,"
        ",,DK-CVR-20699310,21,Danish Refugee Council,
drc-activities,DK-CVR-20699310-DF21849,"
        ",,DK-CVR-20699310,21,Danish Refugee Council,
drc-activities,DK-CVR-20699310-DF21849,,,,,,
drc-activities,DK-CVR-20699310-DF21849,,,,,,
drc-activities,DK-CVR-20699310-DF21849,,,,,,
drc-activities,DK-CVR-20699310-DF21849,,,,,,
drc-activities,DK-CVR-20699310-DF21849,,,,,,
drc-activities,DK-CVR-20699310-DF21849,,,,,,
drc-activities,DK-CVR-20699310-DF21849,,DK-CVR-20699310-DF21849,DK-CVR-20699310,21,,
drc-activities,DK-CVR-20699310-DU19527,"
        ",XM-DAC-7-PPR-4000000964,XM-DAC-7,10,Netherlands-Ministry of Foreign Affairs,
drc-activities,DK-CVR-20699310-DU19527,,,,,,
drc-activities,DK-CVR-20699310-DU19527,,,,,,
drc-activities,DK-CVR-20699310-DU19527,,,,,,
drc-activities,DK-CVR-20699310-DU19527,,,,,,
drc-activities,DK-CVR-20699310-DU19527,,,,,,
drc-activities,DK-CVR-20699310-DU19527,"
        ",,DK-CVR-20699310,21,Danish Refugee Council,
drc-activities,DK-CVR-20699310-DU19527,"
        ",XM-DAC-7-PPR-4000000964,XM-DAC-7,10,Netherlands Ministry of Foreign Affairs,
drc-activities,DK-CVR-20699310-DU19527,,,,,,
drc-activities,DK-CVR-20699310-DU19527,,,,,,
drc-activities,DK-CVR-20699310-DU19527,,,,,,
drc-activities,DK-CVR-20699310-DU19527,,,,,,
drc-activities,DK-CVR-20699310-DU20658,,,,,,
drc-activities,DK-CVR-20699310-DU20658,"
        ",XM-DAC-7-PPR-4000002041,XM-DAC-7,10,Netherlands- Ministry of Foreign Affairs,
drc-activities,DK-CVR-20699310-DU20658,,,,,,
drc-activities,DK-CVR-20699310-DU20658,,,,,,
drc-activities,DK-CVR-20699310-DU20658,,,,,,
drc-activities,DK-CVR-20699310-DU20658,,,,,,
drc-activities,DK-CVR-20699310-DU20658,"
        ",XM-DAC-7-PPR-4000002041,XM-DAC-7,10,Netherlands- Ministry of Foreign Affairs,
drc-activities,DK-CVR-20699310-DU20658,"
        ",,XM-DAC-7-PPR-4000002041,10,Netherlands- Ministry of Foreign Affairs,
drc-activities,DK-CVR-20699310-DU20658,,,,,,
drc-activities,DK-CVR-20699310-DU20658,,,,,,
drc-activities,DK-CVR-20699310-DU20658,"
        ",,XM-DAC-7,10,Netherlands Ministry of Foreign Affairs ,
drc-activities,DK-CVR-20699310-DU191129,,,,,,
drc-activities,DK-CVR-20699310-DU191129,,,,,,
drc-activities,DK-CVR-20699310-DU191129,,,,,,
drc-activities,DK-CVR-20699310-DU191129,"
        ",XM-DAC-7-PPR-4000002695,XM-DAC-7,10,Netherlands -Ministry of Foreign Affairs,
drc-activities,DK-CVR-20699310-DU191129,,,,,,
drc-activities,DK-CVR-20699310-DU191129,"
        ",XM-DAC-7-PPR-4000002695,XM-DAC-7,10,Netherlands Ministry of Foreign Affairs,
drc-activities,DK-CVR-20699310-DU191129,,,,,,
drc-activities,DK-CVR-20699310-DU191129,,,,,,
drc-activities,DK-CVR-20699310-DU191129,,,,,,
drc-activities,DK-CVR-20699310-DF20376,,,,,,
drc-activities,DK-CVR-20699310-DK19947,,,,,,
drc-activities,DK-CVR-20699310-DK19947,,,,,,
drc-activities,DK-CVR-20699310-DK19947,,,,,,
drc-activities,DK-CVR-20699310-DK19947,,,,,,
drc-activities,DK-CVR-20699310-DK19947,"
        ",XM-DAC-3-1-271673-32611,XM-DAC-3-1,10,Danida- Denmark Ministry of Foreign Affairs ,
drc-activities,DK-CVR-20699310-DK19947,"
        ",XM-DAC-3-1-271673-32612,XM-DAC-3-1,10,Danida- Denmark Ministry of Foreign Affairs ,
drc-activities,DK-CVR-20699310-DF221251,,,,,,
drc-activities,DK-CVR-20699310-DF221251,"
        ",,DK-CVR-20699310,21,Danish Refugee Council,
drc-activities,DK-CVR-20699310-DF221251,"
        ",,DK-CVR-20699310,21,Danish Refugee Council,
drc-activities,DK-CVR-20699310-DF221251,"
        ",,DK-CVR-20699310,21,Danish Refugee Council,
drc-activities,DK-CVR-20699310-DF221251,"
        ",GB-1-205143-107,GB-GOV-1 ,10,"Foreign, Commonwealth and Development Office",
drc-activities,DK-CVR-20699310-DF221251,"
        ", GB-1-205143-107,GB-GOV-1 ,10,"Foreign, Commonwealth and Development Office ",
drc-activities,DK-CVR-20699310-DF221251,"
        ",GB-1-205143-107,GB-GOV-1,10,DFID- UK Department for International Development,
drc-activities,DK-CVR-20699310-DF221251,,,,,,
drc-activities,DK-CVR-20699310-DF221251,,,,,,
drc-activities,DK-CVR-20699310-DF221251,,,,,,
drc-activities,DK-CVR-20699310-DF221251,,,,,,
drc-activities,DK-CVR-20699310-DF221251,"
        ",GB-1-205143-107,GB-GOV-1 ,10,"Foreign, Commonwealth and Development Office ",
drc-activities,DK-CVR-20699310-DF221251,"
        ",GB-1-205143-107,GB-GOV-1 ,10,Foreign Commonwealth and Development Office ,
drc-activities,DK-CVR-20699310-DF211215,"
        ",,GB-GOV-1 ,10,"Foreign, Commonwealth and Development Office ",
drc-activities,DK-CVR-20699310-DF211215,,,,,,
drc-activities,DK-CVR-20699310-DF211215,"
        ",GB-1-204805-107,GB-1,10,DFID (UK Department for International Development),
drc-activities,DK-CVR-20699310-DF211215,,,,,,
drc-activities,DK-CVR-20699310-DF211215,"
        ",GB-1-204805-107,GB-GOV-1,10,DFID- UK Department of International Department,
drc-activities,DK-CVR-20699310-DU22821,"
        ",XM-DAC-7-PPR-4000002835,XM-DAC-7,10,"Netherlands, Ministry of Foreign Affairs",
drc-activities,DK-CVR-20699310-DU22821,,,,,,
drc-activities,DK-CVR-20699310-DU22821,"
        ",XM-DAC-7-PPR-4000002835,XM-DAC-7,10,Netherlands-Ministry of Foreign Affairs,
drc-activities,DK-CVR-20699310-DU22821,,,,,,
drc-activities,DK-CVR-20699310-DU22821,,,,,,
drc-activities,DK-CVR-20699310-DU22821,,,,,,
drc-activities,DK-CVR-20699310-DF21532,,,,,,
drc-activities,DK-CVR-20699310-DF21532,,,,,,
drc-activities,DK-CVR-20699310-DF21532,"
        ",, GB-SC-SC030289,21,Mercy Corps Europe ,
drc-activities,DK-CVR-20699310-DF21532,"
        ",,GB-SC-SC030289,21,Mercy Corps Europe ,
drc-activities,DK-CVR-20699310-DRCRO04-19,"
        ",,,21,ARO Winrock ,
drc-activities,DK-CVR-20699310-DRCRO04-19,"
        ",,XM-DAC-41127,40,United Nations Office for the Coordination of Humanitarian Affairs (OCHA),
drc-activities,DK-CVR-20699310-DRCRO04-19,"
        ",,XM-DAC-41127,40,United Nations Office for the Coordination of Humanitarian Affairs (OCHA),
drc-activities,DK-CVR-20699310-DRCRO04-19,"
        ",,XM-DAC-3-1,10,"Denmark - Ministry of Foreign Affairs, Danida",
drc-activities,DK-CVR-20699310-DRCRO04-19,"
        ",,XM-DAC-3-1,10,"Denmark - Ministry of Foreign Affairs, Danida",
drc-activities,DK-CVR-20699310-DRCRO04-19,"
        ",,,60,Ole Kirk Foundation,
drc-activities,DK-CVR-20699310-DRCRO04-19,"
        ",,,60,Fonden Augustinus,en
drc-activities,DK-CVR-20699310-DRCRO04-19,"
        ",,XM-DAC-3-1,10,"Denmark - Ministry of Foreign Affairs, Danida",
drc-activities,DK-CVR-20699310-DRCRO04-19,,,,,,
drc-activities,DK-CVR-20699310-DRCRO04-19,"
        ",,XM-DAC-47066,40,International Organisation of Migration ,
drc-activities,DK-CVR-20699310-DRCRO04-19,"
        ",,41AAA,40,United Nations Office for Project Services (UNOPS),
drc-activities,DK-CVR-20699310-DRCRO04-19,"
        ",,XT-IATI-EC_DEVCO,40,European Development Fund ,
drc-activities,DK-CVR-20699310-DRCRO04-19,"
        ",,,10,Deutsche Gesellschaft für Internationale Zusammenarbeit (GIZ),
drc-activities,DK-CVR-20699310-DRCRO04-19,"
        ",,XM-DAC-3-1,10,Denmark- Ministry of Foreign Affairs ,
drc-activities,DK-CVR-20699310-DRCRO04-19,"
        ",,XM-DAC-41121,40,United Nations High Commissioner for Refugees (UNHCR),
drc-activities,DK-CVR-20699310-DRCRO04-19,"
        ",,XM-DAC-41121,40,United Nations High Commissioner for Refugees (UNHCR),
drc-activities,DK-CVR-20699310-GA22,,,,,,
drc-activities,DK-CVR-20699310-DRCCOL19,"
        ",,XI-IATI-EC_ECHO,15,"European Commission - Humanitarian Aid & Civil Protection, ECHO",en
drc-activities,DK-CVR-20699310-DRCCOL19,"
        ",,XM-DAC-41121,40,United Nations High Commissioner for Refugees (UNHCR),
drc-activities,DK-CVR-20699310-DRCCOL19,,,,,,
drc-activities,DK-CVR-20699310-DRCCOL19,"
        ",,XM-DAC-3-1,10,"Denmark - Ministry of Foreign Affairs, Danida",en
drc-activities,DK-CVR-20699310-DRCCOL19,"
        ",,DK-CVR-20699310,21,Danish Refugee Council,en
drc-activities,DK-CVR-20699310-DRCCOL19,"
        ",,US-GOV-1,10,United States Agency for International Development (USAID),en
drc-activities,DK-CVR-20699310-DRCCOL19,"
        ",,XM-DAC-41121,40,United Nations High Commissioner for Refugees - UNHCR,en
drc-activities,DK-CVR-20699310-DRCRO02-19,"
        ",,XM-DAC-3-1,10,"Denmark - Ministry of Foreign Affairs, Danida",en
drc-activities,DK-CVR-20699310-DRCRO02-19,"
        ",,,60,Novo Nordisk Foundation,en
drc-activities,DK-CVR-20699310-DRCRO02-19,"
        ",,US-GOV-1,10,United States Agency for International Development (USAID),en
drc-activities,DK-CVR-20699310-DRCRO02-19,"
        ",,DK-CVR-20699310,21,Danish Refugee Council,en
drc-activities,DK-CVR-20699310-DRCRO02-19,"
        ",,XM-DAC-3-1,10,"Denmark - Ministry of Foreign Affairs, Danida",en
drc-activities,DK-CVR-20699310-DRCRO02-19,"
        ",,XI-IATI-EC_ECHO,40,Directorate-General for European Civil Protection and Humanitarian Aid Operations (ECHO),
drc-activities,DK-CVR-20699310-DRCRO02-19,"
        ",,,10,"US DoS - PRM (US Department of Bureau, Population, Refugees and Migration) ",
drc-activities,DK-CVR-20699310-DRCRO02-19,"
        ",,CH-4,10,Swiss Agency for Development and Cooperation ,
drc-activities,DK-CVR-20699310-DRCRO02-19,"
        ",,,60,Kong Frederik d. VIIs Stiftelse,
drc-activities,DK-CVR-20699310-DRCRO02-19,"
        ",,XM-DAC-41127,40,United Nations Office for the Coordination of Humanitarian Affairs (OCHA),
drc-activities,DK-CVR-20699310-DRCRO02-19,"
        ",,XM-DAC-3-1,10,Denmark- Ministry of Foreign Affairs ,
drc-activities,DK-CVR-20699310-DRCRO02-19,"
        ",,CH-4,10,Swiss Agency for Development and Cooperation ,
drc-activities,DK-CVR-20699310-DRCRO02-19,"
        ",,XM-DAC-41140,40,World Food Programme ,
drc-activities,DK-CVR-20699310-DRCRO02-19,"
        ",,XM-DAC-47066,40,IOM International Organisation of Migration ,
drc-activities,DK-CVR-20699310-DRCRO02-19,"
        ",,XI-IATI-EC_ECHO,40,Humanitarian Implementation Plan ,
drc-activities,DK-CVR-20699310-DRCRO02-19,"
        ",,,70,Kreditanstalt für Wiederaufbau,
drc-activities,DK-CVR-20699310-DRCRO02-19,"
        ",,XM-DAC-3-1,10,Denmark- Ministry of Foreign Affairs ,
drc-activities,DK-CVR-20699310-DRCRO02-19,"
        ",,XM-DAC-3-1,10,Denmark- Ministry of Foreign Affairs ,
drc-activities,DK-CVR-20699310-DRCRO02-19,"
        ",,XM-DAC-41127,40,United Nations Office for the Coordination of Humanitarian Affairs (OCHA) ,
drc-activities,DK-CVR-20699310-DRCRO02-19,"
        ",,XM-DAC-41127,40,United Nations Office for the Coordination of Humanitarian Affairs (OCHA),
drc-activities,DK-CVR-20699310-DRCRO02-19,"
        ",,XM-DAC-3,10,"Denmark - Ministry of Foreign Affairs, Danida",
drc-activities,DK-CVR-20699310-DRCRO02-19,"
        ",,,60,Ole Kirk Foundation,
drc-activities,DK-CVR-20699310-DRCRO02-19,"
        ",,XM-DAC-3-1,10,"Denmark - Ministry of Foreign Affairs, Danida",
drc-activities,DK-CVR-20699310-DRCRO02-19,"
        ",,,60,Ole Kirk Foundation,
drc-activities,DK-CVR-20699310-DRCRO02-19,"
        ",,XM-DAC-3-1,10,"Denmark - Ministry of Foreign Affairs, Danida",
drc-activities,DK-CVR-20699310-DRCRO02-19,"
        ",,US-GOV-1,10,United States Agency for International Development (USAID),
drc-activities,DK-CVR-20699310-DRCRO02-19,"
        ",,XM-DAC-3-1,10,"Denmark - Ministry of Foreign Affairs, Danida",
drc-activities,DK-CVR-20699310-DRCRO02-19,,,,,,
drc-activities,DK-CVR-20699310-DRCRO02-19,"
        ",,XM-DAC-41127,40,United Nations Office for the Coordination of Humanitarian Affairs (OCHA),en
drc-activities,DK-CVR-20699310-DRCRO02-19,"
        ",,GB-SC-SC030289,21,Mercy Corps,en
drc-activities,DK-CVR-20699310-DRCRO03-19,"
        ",,US-GOV-1,10,United States Agency for International Development (USAID),en
drc-activities,DK-CVR-20699310-DRCRO03-19,"
        ",,US-GOV-1,10,United States Agency for International Development (USAID),en
drc-activities,DK-CVR-20699310-DRCRO03-19,"
        ",,XM-DAC-41122,40,United Nations Children's Fund (UNICEF),
drc-activities,DK-CVR-20699310-DRCRO03-19,"
        ",,,10,"US DoS - PRM (US Department of Bureau, Population, Refugees and Migration)",
drc-activities,DK-CVR-20699310-DRCRO03-19,"
        ",,XM-DAC-41121,40,United Nations High Commissioner for Refugees (UNHCR),
drc-activities,DK-CVR-20699310-DRCRO03-19,"
        ",,US-GOV-1,10,US Aid: Office for Development Assistance ,
drc-activities,DK-CVR-20699310-DRCRO03-19,"
        ",,XM-DAC-41140,40,United Nations World Food Programme (WFP),
drc-activities,DK-CVR-20699310-DRCRO03-19,"
        ",,,80,"Stockholm International Peace Research Institute 
",
drc-activities,DK-CVR-20699310-DRCRO03-19,"
        ",,ES-CIF-G-8236803,21,Food Security,
drc-activities,DK-CVR-20699310-DRCRO03-19,"
        ",,XM-DAC-3-1,10,Denmark- Ministry of Foreign Affairs ,
drc-activities,DK-CVR-20699310-DRCRO03-19,"
        ",,XM-DAC-3-1,10,Denmark-Ministry of Foreign Affairs ,
drc-activities,DK-CVR-20699310-DRCRO03-19,"
        ",,XM-DAC-3-1,10,"Denmark - Ministry of Foreign Affairs, Danida",en
drc-activities,DK-CVR-20699310-DRCRO03-19,"
        ",,XM-DAC-3-1,10,"Denmark - Ministry of Foreign Affairs, Danida",en
drc-activities,DK-CVR-20699310-DRCRO03-19,"
        ",,,60,Ole Kirk Foundation,en
drc-activities,DK-CVR-20699310-DRCRO03-19,,,,,,
drc-activities,DK-CVR-20699310-DRCRO06-19,"
        ",,XM-DAC-3-1,10,"Denmark - Ministry of Foreign Affairs, Danida",
drc-activities,DK-CVR-20699310-DRCRO06-19,"
        ",,XM-DAC-3-1,10,"Denmark - Ministry of Foreign Affairs, Danida",
drc-activities,DK-CVR-20699310-DRCRO06-19,"
        ",,XM-DAC-47066,40,International Organization for Migration (IOM),en
drc-activities,DK-CVR-20699310-DRCRO06-19,"
        ",,CH-4,10,Swiss Agency for Development and Cooperation (SDC),
drc-activities,DK-CVR-20699310-DRCRO06-19,"
        ",,XM-DAC-41127,40,United Nations High Commissioner for Refugees (UNHCR),
drc-activities,DK-CVR-20699310-DRCRO06-19,"
        ",,XM-DAC-41127,40,United Nations High Commissioner for Refugees (UNHCR),
drc-activities,DK-CVR-20699310-DRCRO06-19,"
        ",,XM-DAC-41114,40,United Nations Development Programme (UNDP),
drc-activities,DK-CVR-20699310-DRCRO06-19,,,,,,
drc-activities,DK-CVR-20699310-DRCRO06-19,"
        ",,XM-DAC-41114,40,United Nations Development Programme (UNDP),
drc-activities,DK-CVR-20699310-DRCRO01-19,"
        ",,,60,Novo Nordisk Foundation,en
drc-activities,DK-CVR-20699310-DRCRO01-19,"
        ",,US-GOV-1,10,United States Agency for International Development (USAID),en
drc-activities,DK-CVR-20699310-DRCRO01-19,"
        ",,DK-CVR-20699310,21,Danish Refugee Council,en
drc-activities,DK-CVR-20699310-DRCRO01-19,"
        ",,,40,United Nations Peacebuilding Fund (UNPBF) ,en
drc-activities,DK-CVR-20699310-DRCRO01-19,"
        ",,CH-4,10,Switzerland - Swiss Agency for Development and Cooperation (SDC),en
drc-activities,DK-CVR-20699310-DRCRO01-19,"
        ",,US-GOV-1,10,United States Agency for International Development (USAID),en
drc-activities,DK-CVR-20699310-DRCRO01-19,"
        ",,XI-IATI-EC_ECHO,40,European Commission - Humanitarian Aid & Civil Protection (ECHO),en
drc-activities,DK-CVR-20699310-DRCRO01-19,"
        ",,US-EIN-95-3202116,21,World Vision International (WVI),en
drc-activities,DK-CVR-20699310-DRCRO01-19,"
        ",,US-EIN-95-3202116,21,World Vision International (WVI),en
drc-activities,DK-CVR-20699310-DRCRO01-19,"
        ",,XM-DAC-3-1,10,"Denmark - Ministry of Foreign Affairs, Danida",en
drc-activities,DK-CVR-20699310-DRCRO01-19,"
        ",,XI-IATI-EC_ECHO,15,European Commission - Humanitarian Aid & Civil Protection,en
drc-activities,DK-CVR-20699310-DRCRO01-19,"
        ",,XI-IATI-EC_ECHO,15,European Commission - Humanitarian Aid & Civil Protection,en
drc-activities,DK-CVR-20699310-DRCRO01-19,"
        ",,US-GOV-1,,United States Agency for International Development (USAID),en
drc-activities,DK-CVR-20699310-DRCRO01-19,"
        ",,XM-DAC-3-1,10,"Denmark - Ministry of Foreign Affairs, Danida",en
drc-activities,DK-CVR-20699310-DRCRO01-19,"
        ",,XM-DAC-3-1,10,"Denmark - Ministry of Foreign Affairs, Danida",en
drc-activities,DK-CVR-20699310-DRCRO01-19,"
        ",,XM-DAC-41121,40,United Nations High Commissioner for Refugees (UNHCR),en
drc-activities,DK-CVR-20699310-DRCRO01-19,"
        ",,XM-DAC-41127,,United Nations Office for the Coordination of Humanitarian Affairs (OCHA),
drc-activities,DK-CVR-20699310-DRCRO01-19,"
        ",,XM-DAC-41121,40,United Nations High Commissioner for Refugees (UNHCR),en
drc-activities,DK-CVR-20699310-DRCRO01-19,"
        ",,,,Erik Thunes Legat,en
drc-activities,DK-CVR-20699310-DRCRO01-19,"
        ",,XM-DAC-41121,40,United Nations High Commissioner for Refugees (UNHCR),
drc-activities,DK-CVR-20699310-DRCRO01-19,"
        ",,XM-DAC-41140,40,United Nations World Food Programme (WFP),en
drc-activities,DK-CVR-20699310-DRCRO01-19,"
        ",,XM-DAC-41121,40,United Nations High Commissioner for Refugees (UNHCR),en
drc-activities,DK-CVR-20699310-DRCRO01-19,"
        ",,XM-DAC-41111,40,United Nations Capital Development Fund,en
drc-activities,DK-CVR-20699310-DRCRO01-19,"
        ",,XM-DAC-3-1,10,"Denmark - Ministry of Foreign Affairs, Danida",en
drc-activities,DK-CVR-20699310-DRCRO01-19,"
        ",,XI-IATI-EC_ECHO,15,European Commission - Humanitarian Aid & Civil Protection,en
drc-activities,DK-CVR-20699310-DRCRO01-19,"
        ",,XM-DAC-3-1,10,"Denmark - Ministry of Foreign Affairs, Danida",en
drc-activities,DK-CVR-20699310-DRCRO01-19,"
        ",,,60,Signify Foundation,en
drc-activities,DK-CVR-20699310-DRCRO01-19,"
        ",,XM-DAC-41121,40,United Nations High Commissioner for Refugees (UNHCR),en
drc-activities,DK-CVR-20699310-DRCRO01-19,"
        ",,XM-DAC-41121,40,United Nations High Commissioner for Refugees (UNHCR),en
drc-activities,DK-CVR-20699310-DRCRO01-19,"
        ",,,60,Ole Kirk Foundation,en
drc-activities,DK-CVR-20699310-DRCRO01-19,"
        ",,,60,Augustinus Fonden,en
drc-activities,DK-CVR-20699310-DRCRO01-19,"
        ",,,60,Ole Kirk Foundation,en
drc-activities,DK-CVR-20699310-DRCRO01-19,"
        ",,XM-DAC-3-1,10,"Denmark - Ministry of Foreign Affairs, Danida",en
drc-activities,DK-CVR-20699310-DRCRO01-19,"
        ",,XM-DAC-41121,40,United Nations High Commissioner for Refugees (UNHCR),en
drc-activities,DK-CVR-20699310-DRCRO01-19,"
        ",,XM-DAC-41121,40,United Nations High Commissioner for Refugees (UNHCR),en
drc-activities,DK-CVR-20699310-DRCRO01-19,"
        ",,XM-DAC-3-1,10,"Denmark - Ministry of Foreign Affairs, Danida",en
drc-activities,DK-CVR-20699310-DRCRO01-19,"
        ",,XM-DAC-3-1,10,"Denmark - Ministry of Foreign Affairs, Danida",en
drc-activities,DK-CVR-20699310-DRCRO01-19,"
        ",,XM-DAC-3-1,10,"Denmark - Ministry of Foreign Affairs, Danida",en
drc-activities,DK-CVR-20699310-DRCRO01-19,"
        ",,,60,Fonden Det Nytter,en
drc-activities,DK-CVR-20699310-DRCRO01-19,"
        ",,XM-DAC-3-1,10,"Denmark - Ministry of Foreign Affairs, Danida",en
drc-activities,DK-CVR-20699310-DRCRO01-19,,,,,,
drc-activities,DK-CVR-20699310-DRCRO05-19,"
        ",,,60,Ole Kirk Foundation,en
drc-activities,DK-CVR-20699310-DRCRO05-19,"
        ",,CH-4,10,Switzerland - Swiss Agency for Development and Cooperation (SDC),en
drc-activities,DK-CVR-20699310-DRCRO05-19,"
        ",,CH-4,10,Switzerland - Swiss Agency for Development and Cooperation (SDC),en
drc-activities,DK-CVR-20699310-DRCRO05-19,"
        ",,XM-DAC-41121,40,United Nations High Commissioner for Refugees (UNHCR),en
drc-activities,DK-CVR-20699310-DRCRO05-19,"
        ",,XM-DAC-41121,40,United Nations High Commissioner for Refugees (UNHCR),en
drc-activities,DK-CVR-20699310-DRCRO05-19,"
        ",,XM-DAC-3-1,10,"Denmark - Ministry of Foreign Affairs, Danida",en
drc-activities,DK-CVR-20699310-DRCRO05-19,"
        ",,XM-DAC-47066,40,International Organization for Migration (IOM),en
drc-activities,DK-CVR-20699310-DRCRO05-19,"
        ",,GB-GOV-1,10,"UK - Foreign, Commonwealth and Development Office",en
drc-activities,DK-CVR-20699310-DRCRO05-19,"
        ",,XM-DAC-3-1,10,"Denmark - Ministry of Foreign Affairs, Danida",en
drc-activities,DK-CVR-20699310-DRCRO05-19,"
        ",,US-GOV-1,10,United States Agency for International Development (USAID),en
drc-activities,DK-CVR-20699310-DRCRO05-19,"
        ",,,21,International Centre for Migration Policy Development,en
drc-activities,DK-CVR-20699310-DRCRO05-19,"
        ",,,10,Gesellschaft für Internationale Zusammenarbeit,en
drc-activities,DK-CVR-20699310-DRCRO05-19,"
        ",,XM-DAC-47066,40,International Organization for Migration (IOM),en
drc-activities,DK-CVR-20699310-DRCRO05-19,"
        ",,,60,Fondazione Compagnia di San Paolo (FCSP),en
drc-activities,DK-CVR-20699310-DRCRO05-19,"
        ",,41119,40,United Nations Population Fund (UNFPA),en
drc-activities,DK-CVR-20699310-DRCRO05-19,"
        ",,GB-GOV-1,10,"UK - Foreign, Commonwealth and Development Office",en
drc-activities,DK-CVR-20699310-DRCRO05-19,"
        ",,CH-4,10,Switzerland - Swiss Agency for Development and Cooperation (SDC),en
drc-activities,DK-CVR-20699310-DRCRO05-19,"
        ",,SE-0,10,"Sweden, through Swedish International Development Cooperation Agency (Sida)",
drc-activities,DK-CVR-20699310-DRCRO05-19,"
        ",,XI-IATI-EC_DEVCO,15,European Commission - Directorate-General for International Cooperation and Development,en
drc-activities,DK-CVR-20699310-DRCRO05-19,"
        ",,,40,United Nation Interim Administration in Kosovo (UNMIK) ,en
drc-activities,DK-CVR-20699310-DRCRO05-19,"
        ",,,15,"The Church of Jesus Christ of Latter-day Saints, Serbia",en
drc-activities,DK-CVR-20699310-DRCRO05-19,"
        ",,,60,Fonden Augustinus,en
drc-activities,DK-CVR-20699310-DRCRO05-19,,,,,,
drc-activities,DK-CVR-20699310-DRCRO05-19,"
        ",,XM-DAC-3-1,10,"Denmark - Ministry of Foreign Affairs, Danida",en
drc-activities,DK-CVR-20699310-DRCRO05-19,"
        ",,DK-CVR-20699310,21,Danish Refugee Council,en
drc-activities,DK-CVR-20699310-DRCRO05-19,"
        ",,XM-DAC-3-1,10,"Denmark - Ministry of Foreign Affairs, Danida",en
drc-activities,DK-CVR-20699310-DRCRO05-19,"
        ",,,60,Ole Kirk Foundation,en
drc-activities,DK-CVR-20699310-DF212197,"
        ",GB-GOV-1-301150-117,GB-GOV-1,10,"Foreign, Commonwealth and Development Office - UK Government ",
drc-activities,DK-CVR-20699310-DF212197,"
        ",GB-GOV-1-301150-117,GB-GOV-1,10,"Foreign, Commonwealth and Development Office-UK Government ",
drc-activities,DK-CVR-20699310-DF212197,"
        ",GB-GOV-1-301150-117,GB-GOV-1,10,"Foreign, Commonwealth and Development Office- UK Government ",
drc-activities,DK-CVR-20699310-DF212197,"
        ",DK-CVR-20699310-DK212197,DK-CVR-20699310,21,Danish Refugee Council,en
drc-activities,DK-CVR-20699310-DF212197,"
        ",DK-CVR-20699310-DK212197,DK-CVR-20699310,21,Danish Refugee Council,en
drc-activities,DK-CVR-20699310-DF212197,"
        ",DK-CVR-20699310-DK212197,DK-CVR-20699310,21,Danish Refugee Council,en
drc-activities,DK-CVR-20699310-DF212197,"
        ",DK-CVR-20699310-DK212197,DK-CVR-20699310,21,Danish Refugee Council,en
drc-activities,DK-CVR-20699310-DF212197,"
        ",DK-CVR-20699310-DK212197,DK-CVR-20699310,21,Danish Refugee Council,en
drc-activities,DK-CVR-20699310-DF212197,"
        ",DK-CVR-20699310-DK212197,DK-CVR-20699310,21,Danish Refugee Council,en
drc-activities,DK-CVR-20699310-DF212197,"
        ",DK-CVR-20699310-DK212197,DK-CVR-20699310,21,Danish Refugee Council,en
drc-activities,DK-CVR-20699310-DF212197,"
        ",GB-GOV-1-301150-117,GB-GOV-1,10,DFID -UK Department for International Development,
drc-activities,DK-CVR-20699310-DF201067,,,,,,
drc-activities,DK-CVR-20699310-DF201067,"
        ",,GB-COH-03259922,70,Crown Agents ,
drc-activities,DK-CVR-20699310-DF201067,"
        ",, GB-COH-03259922,70,Crown Agents ,
drc-activities,DK-CVR-20699310-DK19953,"
        ",XM-DAC-3-1-271673-32612,XM-DAC-3-1,10,Danida Denmark Ministry of Foreign Affairs ,
drc-activities,DK-CVR-20699310-DK19953,"
        ",,,10,Danida HUM (Humanitarian Action) - Ministry of Foreign Affairs of Denmark,
drc-activities,DK-CVR-20699310-DK19953,,,,,,
drc-activities,DK-CVR-20699310-DK19953,,,,,,
drc-activities,DK-CVR-20699310-DK19953,,,,,,
drc-activities,DK-CVR-20699310-DK19953,,,,,,
drc-activities,DK-CVR-20699310-DK19953,,,,,,
drc-activities,DK-CVR-20699310-DK19953,"
        ",XM-DAC-3-1-271673-32612,XM-DAC-3-1,10,Danida Denmark Ministry of Foreign Affairs ,
drc-activities,DK-CVR-20699310-DK19953,,,,,,
drc-activities,DK-CVR-20699310-DK1925,"
        ",XM-DAC-3-1-271673-32612,XM-DAC-3-1,10,"Danida, Denmark Ministry of Foreign Affairs ",
drc-activities,DK-CVR-20699310-DK1925,"
        ",XM-DAC-3-1-271673-32612,XM-DAC-3-1,10,"Danida, Denmark Ministry of Foreign Affairs",
drc-activities,DK-CVR-20699310-DK1925,"
        ",,XM-DAC-3-1,10,Danida HUM (Humanitarian Action) - Ministry of Foreign Affairs of Denmark,
drc-activities,DK-CVR-20699310-DK1925,,,,,,
drc-activities,DK-CVR-20699310-DK1925,,,,,,
drc-activities,DK-CVR-20699310-DK1925,,,,,,
drc-activities,DK-CVR-20699310-DK1925,,,,,,
drc-activities,DK-CVR-20699310-DK19524,"
        ",XM-DAC-3-1-271673-32612,XM-DAC-3-1,10,Danida Denmark Ministry of Foreign Affairs ,
drc-activities,DK-CVR-20699310-DK19524,"
        ",,XM-DAC-3-1,10,Danida HUM (Humanitarian Action) - Ministry of Foreign Affairs of Denmark,
drc-activities,DK-CVR-20699310-DK19524,,,,,,
drc-activities,DK-CVR-20699310-DK19524,,,,,,
drc-activities,DK-CVR-20699310-DK19524,,,,,,
drc-activities,DK-CVR-20699310-DK19524,,,,,,
drc-activities,DK-CVR-20699310-DK19524,,,,,,
drc-activities,DK-CVR-20699310-DK19615,"
        ",XM-DAC-3-1-271673-32612,XM-DAC-3-1,10,Danida Denmark Ministry of Foreign Affairs ,
drc-activities,DK-CVR-20699310-DK19615,"
        ",XM-DAC-3-1-271673-32612,XM-DAC-3-1,10,Danida Denmark Ministry of  Foreign Affairs ,
drc-activities,DK-CVR-20699310-DK19615,"
        ",,XM-DAC-3-1,10,Danida HUM (Humanitarian Action) - Ministry of Foreign Affairs of Denmark,
drc-activities,DK-CVR-20699310-DK19615,,,,,,
drc-activities,DK-CVR-20699310-DK19615,,,,,,
drc-activities,DK-CVR-20699310-DK19615,,,,,,
drc-activities,DK-CVR-20699310-DK19615,,,,,,
drc-activities,DK-CVR-20699310-DK19649,"
        ",XM-DAC-3-1-271673-32612,XM-DAC-3-1,10,Danida Denmark Ministry of Foreign Affairs ,
drc-activities,DK-CVR-20699310-DK19649,"
        ",XM-DAC-3-1-271673-32612,XM-DAC-3-1,10,Danida- Denmark Ministry of Foreign Affairs ,
drc-activities,DK-CVR-20699310-DK19649,"
        ",,,10,Danida CIV (Civil Society Development) - Ministry of Foreign Affairs of Denmark,
drc-activities,DK-CVR-20699310-DK19649,,,,,,
drc-activities,DK-CVR-20699310-DK19649,,,,,,
drc-activities,DK-CVR-20699310-DK19649,,,,,,
drc-activities,DK-CVR-20699310-DK19649,,,,,,
drc-activities,DK-CVR-20699310-DK19950,"
        ",XM-DAC-3-1-271673-32612,XM-DAC-3-1,10,Danida Denmark Ministry of Foreign Affairs,
drc-activities,DK-CVR-20699310-DK19950,"
        ",XM-DAC-3-1-271673-32612,XM-DAC-3-1,10,Danida Denmark Ministry of Foreign Affairs ,
drc-activities,DK-CVR-20699310-DK19652,"
        ",,XM-DAC-3-1,10,Danida HUM (Humanitarian Action) - Ministry of Foreign Affairs of Denmark,
drc-activities,DK-CVR-20699310-DK19652,,,,,,
drc-activities,DK-CVR-20699310-DK19652,,,,,,
drc-activities,DK-CVR-20699310-DK19652,,,,,,
drc-activities,DK-CVR-20699310-DK19652,"
        ",XM-DAC-3-1-271673-32612,XM-DAC-3-1,10,"Danida, Denmark Ministry of Foreign Affairs ",
drc-activities,DK-CVR-20699310-DK19652,,,,,,
drc-activities,DK-CVR-20699310-DK19652,,,,,,
drc-activities,DK-CVR-20699310-DK19652,"
        ",XM-DAC-3-1-271673-32612,XM-DAC-3-1,10,"Danida, Denmark Ministry of Foreign Affairs ",
drc-activities,DK-CVR-20699310-DK19653,"
        ",,XM-DAC-3-1,10,Danida HUM (Humanitarian Action) - Ministry of Foreign Affairs of Denmark,
drc-activities,DK-CVR-20699310-DK19653,,,,,,
drc-activities,DK-CVR-20699310-DK19653,,,,,,
drc-activities,DK-CVR-20699310-DK19653,,,,,,
drc-activities,DK-CVR-20699310-DK19653,"
        ",XM-DAC-3-1-271673-32612,XM-DAC-3-1,10,Danida Denmark Ministry of Foreign Affairs ,
drc-activities,DK-CVR-20699310-DK19653,,,,,,
drc-activities,DK-CVR-20699310-DK19653,"
        ",XM-DAC-3-1-271673-32612,XM-DAC-3-1,10,Danida Denmark Ministry of Foreign Affairs ,
drc-activities,DK-CVR-20699310-DK19713,"
        ",XM-DAC-3-1-271673-32612,XM-DAC-3-1,10,Danida Denmark Ministry of Foreign Affairs ,
drc-activities,DK-CVR-20699310-DK19713,"
        ",XM-DAC-3-1-271673-32612,XM-DAC-3-1,10,Danida Denmark Ministry of Foreign Affairs,
drc-activities,DK-CVR-20699310-DK19715,"
        ",XM-DAC-3-1-271673-32612,XM-DAC-3-1,10,Danida -Denmark Ministry of Foreign Affairs ,
drc-activities,DK-CVR-20699310-DK19715,"
        ",,XM-DAC-3-1,10,Danida HUM (Humanitarian Action) - Ministry of Foreign Affairs of Denmark,
drc-activities,DK-CVR-20699310-DK19715,,,,,,
drc-activities,DK-CVR-20699310-DK19715,,,,,,
drc-activities,DK-CVR-20699310-DK19715,,,,,,
drc-activities,DK-CVR-20699310-DK19715,"
        ",XM-DAC-3-1-271673-32612,XM-DAC-3-1,10,Danida Denmark Ministry of Foreign Affairs ,
drc-activities,DK-CVR-20699310-DK19715,,,,,,
drc-activities,DK-CVR-20699310-DK19720,"
        ",XM-DAC-3-1-271673-32612,XM-DAC-3-1,10,Danida Denmark Ministry of Foreign Affairs ,
drc-activities,DK-CVR-20699310-DK19720,"
        ",,,10,Danida HUM (Humanitarian Action) - Ministry of Foreign Affairs of Denmark,
drc-activities,DK-CVR-20699310-DK19720,,,,,,
drc-activities,DK-CVR-20699310-DK19720,,,,,,
drc-activities,DK-CVR-20699310-DK19720,"
        ",XM-DAC-3-1-271673-32612,XM-DAC-3-1,10,Danida Denmark Ministry of Foreign Affairs ,
drc-activities,DK-CVR-20699310-DK19720,,,,,,
drc-activities,DK-CVR-20699310-DK19720,,,,,,
drc-activities,DK-CVR-20699310-DK19726,"
        ",XM-DAC-3-1-271673-32612,XM-DAC-3-1,10,Danida Denmark Ministry of Foreign Affairs ,
drc-activities,DK-CVR-20699310-DK19726,"
        ",XM-DAC-3-1-271673-32612,XM-DAC-3-1,10,Danida Denmark Ministry of Foreign Affairs ,
drc-activities,DK-CVR-20699310-DK19726,"
        ",,XM-DAC-3-1,10,Danida HUM (Humanitarian Action) - Ministry of Foreign Affairs of Denmark,
drc-activities,DK-CVR-20699310-DK19726,,,,,,
drc-activities,DK-CVR-20699310-DK19726,,,,,,
drc-activities,DK-CVR-20699310-DK19726,,,,,,
drc-activities,DK-CVR-20699310-DK19726,,,,,,
drc-activities,DK-CVR-20699310-DK19741,"
        ",,XM-DAC-3-1,10,Danida HUM (Humanitarian Action) - Ministry of Foreign Affairs of Denmark,
drc-activities,DK-CVR-20699310-DK19741,,,,,,
drc-activities,DK-CVR-20699310-DK19741,,,,,,
drc-activities,DK-CVR-20699310-DK19741,,,,,,
drc-activities,DK-CVR-20699310-DK19741,"
        ",XM-DAC-3-1-271673-32612,XM-DAC-3-1,10,Danida Denmark Ministry of Foreign Affairs,
drc-activities,DK-CVR-20699310-DK19741,,,,,,
drc-activities,DK-CVR-20699310-DK19741,,,,,,
drc-activities,DK-CVR-20699310-DK19741,"
        ",XM-DAC-3-1-271673-32612,XM-DAC-3-1,10,Danida Denmark Ministry of Foreign Affairs,
drc-activities,DK-CVR-20699310-DK19744,"
        ",XM-DAC-3-1-271673-32612,XM-DAC-3-1,10,Danida -Denmark Ministry of Foreign Affairs ,
drc-activities,DK-CVR-20699310-DK19744,"
        ",XM-DAC-3-1-271673-32612,XM-DAC-3-1,10,Danida- Denmark Ministry of Foreign Affairs ,
drc-activities,DK-CVR-20699310-DK19744,"
        ",,XM-DAC-3-1,10,Danida HUM (Humanitarian Action) - Ministry of Foreign Affairs of Denmark,
drc-activities,DK-CVR-20699310-DK19744,,,,,,
drc-activities,DK-CVR-20699310-DK19744,,,,,,
drc-activities,DK-CVR-20699310-DK19744,,,,,,
drc-activities,DK-CVR-20699310-DK19744,,,,,,
drc-activities,DK-CVR-20699310-DK19843,"
        ",XM-DAC-3-1-271673-32612,XM-DAC-3-1,10,Danida -Denmark Ministry of Foreign Affairs ,
drc-activities,DK-CVR-20699310-DK19843,"
        ",XM-DAC-3-1-271673-32612,XM-DAC-3-1,10,Danida Denmark Ministry of Foreign Affairs ,
drc-activities,DK-CVR-20699310-DK19888,,,,,,
drc-activities,DK-CVR-20699310-DK19888,"
        ",,XM-DAC-3-1,10,Danida HUM (Humanitarian Action) - Ministry of Foreign Affairs of Denmark,
drc-activities,DK-CVR-20699310-DK19888,,,,,,
drc-activities,DK-CVR-20699310-DK19888,,,,,,
drc-activities,DK-CVR-20699310-DK19888,,,,,,
drc-activities,DK-CVR-20699310-DK19888,"
        ",XM-DAC-3-1-271673-32612,XM-DAC-3-1,10,Danida Denmark Ministry of Foreign Affairs ,
drc-activities,DK-CVR-20699310-DK19888,,,,,,
drc-activities,DK-CVR-20699310-DK19903,"
        ",,XM-DAC-3-1,10,Danida HUM (Humanitarian Action) - Ministry of Foreign Affairs of Denmark,
drc-activities,DK-CVR-20699310-DK19903,,,,,,
drc-activities,DK-CVR-20699310-DK19903,,,,,,
drc-activities,DK-CVR-20699310-DK19903,,,,,,
drc-activities,DK-CVR-20699310-DK19903,"
        ",XM-DAC-3-1-271673-32612,XM-DAC-3-1,10,Danida Denmark Ministry of Foreign Affairs ,
drc-activities,DK-CVR-20699310-DK19903,,,,,,
drc-activities,DK-CVR-20699310-DK19903,,,,,,
drc-activities,DK-CVR-20699310-DK19903,"
        ",XM-DAC-3-1-271673-32612,XM-DAC-3-1,10,Danida Denmark Ministry of Foreign Affairs ,
drc-activities,DK-CVR-20699310-DK19971,"
        ",XM-DAC-3-1-271673-32612,XM-DAC-3-1,10,Danida Denmark Ministry of Foreign Affairs ,
drc-activities,DK-CVR-20699310-DK19971,"
        ",,XM-DAC-3-1,10,Danida HUM (Humanitarian Action) - Ministry of Foreign Affairs of Denmark,
drc-activities,DK-CVR-20699310-DK19971,,,,,,
drc-activities,DK-CVR-20699310-DK19971,,,,,,
drc-activities,DK-CVR-20699310-DK19971,,,,,,
drc-activities,DK-CVR-20699310-DK19973,"
        ",,XM-DAC-3-1,10,Danida HUM (Humanitarian Action) - Ministry of Foreign Affairs of Denmark,
drc-activities,DK-CVR-20699310-DK19973,,,,,,
drc-activities,DK-CVR-20699310-DK19973,,,,,,
drc-activities,DK-CVR-20699310-DK19973,,,,,,
drc-activities,DK-CVR-20699310-DK19973,,,,,,
drc-activities,DK-CVR-20699310-DK19973,,,,,,
drc-activities,DK-CVR-20699310-DK19973,"
        ",XM-DAC-3-1-271673-32612,XM-DAC-3-1,10,Danida Denmark Ministry of Foreign Affairs ,
drc-activities,DK-CVR-20699310-DK19973,"
        ",XM-DAC-3-1-271673-32612,XM-DAC-3-1,10,Denmark Danida Ministry of Foreign Affairs ,
drc-activities,DK-CVR-20699310-DK19974,"
        ",XM-DAC-3-1-271673-32612,XM-DAC-3-1,10,Danida Denmark Ministry of Foreign Affairs ,
drc-activities,DK-CVR-20699310-DK19974,"
        ",,XM-DAC-3-1,10,Danida HUM (Humanitarian Action) - Ministry of Foreign Affairs of Denmark,
drc-activities,DK-CVR-20699310-DK19974,,,,,,
drc-activities,DK-CVR-20699310-DK19974,,,,,,
drc-activities,DK-CVR-20699310-DK19974,,,,,,
drc-activities,DK-CVR-20699310-DK19974,,,,,,
drc-activities,DK-CVR-20699310-DK19976,"
        ",,XM-DAC-3-1,10,Danida HUM (Humanitarian Action) - Ministry of Foreign Affairs of Denmark,
drc-activities,DK-CVR-20699310-DK19976,,,,,,
drc-activities,DK-CVR-20699310-DK19976,,,,,,
drc-activities,DK-CVR-20699310-DK19976,,,,,,
drc-activities,DK-CVR-20699310-DK19976,"
        ",XM-DAC-3-1-271673-32612,XM-DAC-3-1,10,Danida Denmark Ministry of Foreign Affairs ,
drc-activities,DK-CVR-20699310-DK19976,,,,,,
drc-activities,DK-CVR-20699310-DK19976,"
        ",XM-DAC-3-1-271673-32612,XM-DAC-3-1,10,Danida Denmark Ministry of Foreign Affairs,
drc-activities,DK-CVR-20699310-DK19977,"
        ",XM-DAC-3-1-271673-32612,XM-DAC-3-1,10,Danida Denmark Ministry of Foreign Affairs,
drc-activities,DK-CVR-20699310-DK19977,"
        ",,XM-DAC-3-1,10,Danida HUM (Humanitarian Action) - Ministry of Foreign Affairs of Denmark,
drc-activities,DK-CVR-20699310-DK19977,,,,,,
drc-activities,DK-CVR-20699310-DK19977,,,,,,
drc-activities,DK-CVR-20699310-DK19977,"
        ",XM-DAC-3-1-271673-32612,XM-DAC-3-1,10,Danida Denmark Ministry of Foreign Affairs ,
drc-activities,DK-CVR-20699310-DK19977,"
        ",XM-DAC-3-1-271673-32612,XM-DAC-3-1,10,Danida Denmark Ministry of Foreign Affairs ,
drc-activities,DK-CVR-20699310-DK19977,,,,,,
drc-activities,DK-CVR-20699310-DK191007,"
        ",,XM-DAC-3-1,10,Danida HUM (Humanitarian Action) - Ministry of Foreign Affairs of Denmark,
drc-activities,DK-CVR-20699310-DK191007,,,,,,
drc-activities,DK-CVR-20699310-DK191007,,,,,,
drc-activities,DK-CVR-20699310-DK191007,,,,,,
drc-activities,DK-CVR-20699310-DK191007,"
        ",XM-DAC-3-1-271673-32612,XM-DAC-3-1,10,Danida Denmark Ministry of Foreign Affairs,
drc-activities,DK-CVR-20699310-DK191007,,,,,,
drc-activities,DK-CVR-20699310-DK191007,"
        ",XM-DAC-3-1-271673-32612,XM-DAC-3-1,10,Danida Denmark Ministry of Foreign Affairs ,
drc-activities,DK-CVR-20699310-DK19742,"
        ",XM-DAC-3-1-271673-32612,XM-DAC-3-1,10,Danida Denmark Ministry of Foreign Affairs,
drc-activities,DK-CVR-20699310-DK19742,"
        ",,XM-DAC-3-1,10,Danida HUM (Humanitarian Action) - Ministry of Foreign Affairs of Denmark,
drc-activities,DK-CVR-20699310-DK19742,,,,,,
drc-activities,DK-CVR-20699310-DK19742,,,,,,
drc-activities,DK-CVR-20699310-DK19742,,,,,,
drc-activities,DK-CVR-20699310-DK19742,,,,,,
drc-activities,DK-CVR-20699310-DK19742,"
        ",XM-DAC-3-1-271673-32612,XM-DAC-3-1,10,Danida Denmark Ministry of Foreign Affairs,
drc-activities,DK-CVR-20699310-DK191239,"
        ",,,10,Danida HUM (Humanitarian Action) - Ministry of Foreign Affairs of Denmark,
drc-activities,DK-CVR-20699310-DK191239,,,,,,
drc-activities,DK-CVR-20699310-DK191239,,,,,,
drc-activities,DK-CVR-20699310-DK191239,,,,,,
drc-activities,DK-CVR-20699310-DK191239,"
        ",XM-DAC-3-1-271673-32612,XM-DAC-3-1,10,Danida Denmark Ministry of Foreign Affairs ,
drc-activities,DK-CVR-20699310-DK191239,,,,,,
drc-activities,DK-CVR-20699310-DK191239,,,,,,
drc-activities,DK-CVR-20699310-DK191239,"
        ",XM-DAC-3-1-271673-32612,XM-DAC-3-1,10,Danida- Denmark Ministry of Foreign Affairs,
drc-activities,DK-CVR-20699310-DK191790,"
        ",,,10,Danida HUM (Humanitarian Action) - Ministry of Foreign Affairs of Denmark,
drc-activities,DK-CVR-20699310-DK191790,,,,,,
drc-activities,DK-CVR-20699310-DK191790,,,,,,
drc-activities,DK-CVR-20699310-DK191790,,,,,,
drc-activities,DK-CVR-20699310-DK191790,,,,,,
drc-activities,DK-CVR-20699310-DK19479,"
        ",,XM-DAC-3-1,10,Danida HUM (Humanitarian Action) - Ministry of Foreign Affairs of Denmark,
drc-activities,DK-CVR-20699310-DK19479,,,,,,
drc-activities,DK-CVR-20699310-DK19479,,,,,,
drc-activities,DK-CVR-20699310-DK201680,"
        ",XM-DAC-3-1-271673-32611,XM-DAC-3-1,10,Danida- Denmark Ministry of Foreign Affairs ,
drc-activities,DK-CVR-20699310-DK201680,"
        ",,XM-DAC-3-1,10,Danida HUM (Humanitarian Action) - Ministry of Foreign Affairs of Denmark,
drc-activities,DK-CVR-20699310-DK201680,,,,,,
drc-activities,DK-CVR-20699310-DK201680,,,,,,
drc-activities,DK-CVR-20699310-DK201680,,,,,,
drc-activities,DK-CVR-20699310-DK201680,,,,,,
drc-activities,DK-CVR-20699310-DK201680,"
        ",XM-DAC-3-1-271673-32611,XM-DAC-3-1,10,Danida- Denmark Ministry of Foreign Affairs ,
drc-activities,DK-CVR-20699310-DK201681,"
        ",XM-DAC-3-1-271673-32612,XM-DAC-3-1,10,Danida- Denmark Ministry of Foreign Affairs ,
drc-activities,DK-CVR-20699310-DK201681,,,,,,
drc-activities,DK-CVR-20699310-DK201681,,,,,,
drc-activities,DK-CVR-20699310-DK201681,"
        ",XM-DAC-3-1-271673-32612,XM-DAC-3-1,10,Danida HUM (Humanitarian Action) - Ministry of Foreign Affairs of Denmark,
drc-activities,DK-CVR-20699310-DK201683,"
        ",XM-DAC-3-1-271673-32612,XM-DAC-3-1,10,Danida-Denmark Ministry of Foreign Affairs ,
drc-activities,DK-CVR-20699310-DK201683,"
        ",,XM-DAC-3-1,10,Danida HUM (Humanitarian Action) - Ministry of Foreign Affairs of Denmark,
drc-activities,DK-CVR-20699310-DK201683,,,,,,
drc-activities,DK-CVR-20699310-DK201683,,,,,,
drc-activities,DK-CVR-20699310-DK201683,,,,,,
drc-activities,DK-CVR-20699310-DK201683,,,,,,
drc-activities,DK-CVR-20699310-DK201683,,,,,,
drc-activities,DK-CVR-20699310-DK201685,"
        ",,XM-DAC-3-1,10,Danida HUM (Humanitarian Action) - Ministry of Foreign Affairs of Denmark,
drc-activities,DK-CVR-20699310-DK201685,,,,,,
drc-activities,DK-CVR-20699310-DK201685,,,,,,
drc-activities,DK-CVR-20699310-DK201685,"
        ",,XM-DAC-3-1,10,"Denmark - Ministry of Foreign Affairs, Danida",
drc-activities,DK-CVR-20699310-DK201685,,,,,,
drc-activities,DK-CVR-20699310-DK201685,,,,,,
drc-activities,DK-CVR-20699310-DK201685,"
        ",,XM-DAC-3-1,10,"Denmark - Ministry of Foreign Affairs, Danida",
drc-activities,DK-CVR-20699310-DK201687,"
        ",,XM-DAC-3-1,10,Danida HUM (Humanitarian Action) - Ministry of Foreign Affairs of Denmark,
drc-activities,DK-CVR-20699310-DK201687,,,,,,
drc-activities,DK-CVR-20699310-DK201687,,,,,,
drc-activities,DK-CVR-20699310-DK201687,,,,,,
drc-activities,DK-CVR-20699310-DK201687,"
        ",XM-DAC-3-1-271673-32612,XM-DAC-3-1,10,Danida-Denmark Ministry of Foreign Affairs ,
drc-activities,DK-CVR-20699310-DK201687,,,,,,
drc-activities,DK-CVR-20699310-DK201687,,XM-DAC-3-1-271673-32612,XM-DAC-3-1,10,,
drc-activities,DK-CVR-20699310-DK201688,"
        ",,XM-DAC-3-1,10,Danida HUM (Humanitarian Action) - Ministry of Foreign Affairs of Denmark,
drc-activities,DK-CVR-20699310-DK201688,,,,,,
drc-activities,DK-CVR-20699310-DK201688,,,,,,
drc-activities,DK-CVR-20699310-DK201688,,,,,,
drc-activities,DK-CVR-20699310-DK201688,,,,,,
drc-activities,DK-CVR-20699310-DK201688,,,,,,
drc-activities,DK-CVR-20699310-DK201688,"
        ",,XM-DAC-3-1,10,"Denmark - Ministry of Foreign Affairs, Danida",en
drc-activities,DK-CVR-20699310-DK201688,"
        ",,XM-DAC-3-1,10,"Denmark - Ministry of Foreign Affairs, Danida",en
drc-activities,DK-CVR-20699310-DK201689,"
        ",,XM-DAC-3-1,10,Danida HUM (Humanitarian Action) - Ministry of Foreign Affairs of Denmark,
drc-activities,DK-CVR-20699310-DK201689,,,,,,
drc-activities,DK-CVR-20699310-DK201689,,,,,,
drc-activities,DK-CVR-20699310-DK201689,,,,,,
drc-activities,DK-CVR-20699310-DK201689,,,,,,
drc-activities,DK-CVR-20699310-DK201689,,,,,,
drc-activities,DK-CVR-20699310-DK201689,,,,,,
drc-activities,DK-CVR-20699310-DK201689,,,,,,
drc-activities,DK-CVR-20699310-DK201689,"
        ",XM-DAC-3-1-271673-32612,XM-DAC-3-1,10,Danida-Denmark Ministry of Foreign Affairs,
drc-activities,DK-CVR-20699310-DK201689,"
        ",XM-DAC-3-1-271673-32612,XM-DAC-3-1,10,Danida-Denmark Ministry of Foreign Affairs ,
drc-activities,DK-CVR-20699310-DK201690,"
        ",,XM-DAC-3-1,10,Danida HUM (Humanitarian Action) - Ministry of Foreign Affairs of Denmark,
drc-activities,DK-CVR-20699310-DK201690,,,,,,
drc-activities,DK-CVR-20699310-DK201690,,,,,,
drc-activities,DK-CVR-20699310-DK201690,,,,,,
drc-activities,DK-CVR-20699310-DK201690,,,,,,
drc-activities,DK-CVR-20699310-DK201690,,,,,,
drc-activities,DK-CVR-20699310-DK201690,"
        ",XM-DAC-3-1-271673-32612,XM-DAC-3-1,10,Danida-Denmark Ministry of Foreign Affairs ,
drc-activities,DK-CVR-20699310-DK201690,"
        ",XM-DAC-3-1-271673-32612,XM-DAC-3-1,10,Danida-Denmark Ministry of Foreign Affairs,
drc-activities,DK-CVR-20699310-DK1940,"
        ",,XM-DAC-3-1,10,Danida HUM (Humanitarian Action) - Ministry of Foreign Affairs of Denmark,
drc-activities,DK-CVR-20699310-DK1940,,,,,,
drc-activities,DK-CVR-20699310-DK1940,,,,,,
drc-activities,DK-CVR-20699310-DK1940,,,,,,
drc-activities,DK-CVR-20699310-DK1940,"
        ",XM-DAC-3-1-271673-32612,XM-DAC-3-1,10,Danida-Denmark Ministry of Foreign Affairs ,
drc-activities,DK-CVR-20699310-DK1940,"
        ",XM-DAC-3-1-271673-32612,XM-DAC-3-1,10,Danida Denmark Ministry of Foreign Affairs ,
drc-activities,DK-CVR-20699310-DK1940,,,,,,
drc-activities,DK-CVR-20699310-DK201692,"
        ",,XM-DAC-3-1,10,Danida HUM (Humanitarian Action) - Ministry of Foreign Affairs of Denmark,
drc-activities,DK-CVR-20699310-DK201692,,,,,,
drc-activities,DK-CVR-20699310-DK201692,,,,,,
drc-activities,DK-CVR-20699310-DK201692,,,,,,
drc-activities,DK-CVR-20699310-DK201692,,,,,,
drc-activities,DK-CVR-20699310-DK201692,,,,,,
drc-activities,DK-CVR-20699310-DK201692,,,,,,
drc-activities,DK-CVR-20699310-DK201692,,,,,,
drc-activities,DK-CVR-20699310-DK201692,"
        ",XM-DAC-3-1-271673-32612,XM-DAC-3-1,10,Danida- Denmark Ministry of Foreign Affairs ,
drc-activities,DK-CVR-20699310-DK201692,"
        ",XM-DAC-3-1-271673-32612,XM-DAC-3-1,10,Danida- Denmark Ministry of Foreign Affairs ,
drc-activities,DK-CVR-20699310-DK19972,"
        ",,XM-DAC-3-1,10,Danida HUM (Humanitarian Action) - Ministry of Foreign Affairs of Denmark,
drc-activities,DK-CVR-20699310-DK19972,,,,,,
drc-activities,DK-CVR-20699310-DK19972,,,,,,
drc-activities,DK-CVR-20699310-DK19972,,,,,,
drc-activities,DK-CVR-20699310-DK19972,,,,,,
drc-activities,DK-CVR-20699310-DK19972,,,,,,
drc-activities,DK-CVR-20699310-DK201686,"
        ",,XM-DAC-3-1,10,Danida HUM (Humanitarian Action) - Ministry of Foreign Affairs of Denmark,
drc-activities,DK-CVR-20699310-DK201686,,,,,,
drc-activities,DK-CVR-20699310-DK201686,,,,,,
drc-activities,DK-CVR-20699310-DK201686,,,,,,
drc-activities,DK-CVR-20699310-DK201686,"
        ",XM-DAC-3-1-271673-32612,XM-DAC-3-1,10,Danida-Denmark Ministry of Foreign Affairs ,
drc-activities,DK-CVR-20699310-DK201686,"
        ",XM-DAC-3-1-271673-32612,XM-DAC-3-1,10,Danida- Denmark Ministry of Foreign Affairs ,
drc-activities,DK-CVR-20699310-DU252394,,,,,,
drc-activities,DK-CVR-20699310-DU252398,"
        ",XM-DAC-7-PPR-4000004186,XM-DAC-7,10,Netherlands Ministry of Foreign Affairs,
drc-activities,DK-CVR-20699310-DU252398,"
        ",XM-DAC-7-PPR-4000004186,XM-DAC-7,10,Netherlands Ministry of Foreign Affairs ,
drc-activities,DK-CVR-20699310-DU252397,"
        ",XM-DAC-7-PPR-4000004186,XM-DAC-7,10,Netherlands -Ministry of Foreign Affairs,
drc-activities,DK-CVR-20699310-DU252397,"
        ",XM-DAC-7-PPR-4000004186,XM-DAC-7,10, Netherlands - Ministry of Foreign Affairs,
drc-activities,DK-CVR-20699310-DU252399,"
        ",XM-DAC-7-PPR-4000004186,XM-DAC-7,10,Netherlands Ministry of Foreign Affairs ,
drc-activities,DK-CVR-20699310-DU252399,"
        ",XM-DAC-7-PPR-4000004186,XM-DAC-7,10,Netherlands Ministry of Foreign Affairs ,
drc-activities,DK-CVR-20699310-DK201695,"
        ",XM-DAC-3-1-271673-32612,XM-DAC-3-1,10,Danida -Denmark Ministry of Foreign Affairs ,
drc-activities,DK-CVR-20699310-DK201695,"
        ",,XM-DAC-3-1,10,Danida HUM (Humanitarian Action) - Ministry of Foreign Affairs of Denmark,
drc-activities,DK-CVR-20699310-DK201695,,,,,,
drc-activities,DK-CVR-20699310-DK201695,,,,,,
drc-activities,DK-CVR-20699310-DK201695,,,,,,
drc-activities,DK-CVR-20699310-DK201695,,,,,,
drc-activities,DK-CVR-20699310-DK201695,"
        ",XM-DAC-3-1-271673-32612,XM-DAC-3-1,10,Danida -Denmark Ministry of Foreign Affairs ,
drc-activities,DK-CVR-20699310-DK201693,"
        ",XM-DAC-3-1-271673-32612,XM-DAC-3-1,10,Danida- Denmark Ministry of Foreign Affairs ,
drc-activities,DK-CVR-20699310-DK201693,"
        ",,XM-DAC-3-1,10,Danida HUM (Humanitarian Action) - Ministry of Foreign Affairs of Denmark,
drc-activities,DK-CVR-20699310-DK201693,,,,,,
drc-activities,DK-CVR-20699310-DK201693,,,,,,
drc-activities,DK-CVR-20699310-DK201693,,,,,,
drc-activities,DK-CVR-20699310-DK201693,"
        ",XM-DAC-3-1-271673-32612,XM-DAC-3-1,10,Danida- Denmark  Ministry of Foreign Affairs ,
drc-activities,DK-CVR-20699310-DK201698,"
        ",,XM-DAC-3-1,10,Danida HUM (Humanitarian Action) - Ministry of Foreign Affairs of Denmark,
drc-activities,DK-CVR-20699310-DK201698,,,,,,
drc-activities,DK-CVR-20699310-DK201698,,,,,,
drc-activities,DK-CVR-20699310-DK201698,,,,,,
drc-activities,DK-CVR-20699310-DK201698,"
        ",XM-DAC-3-1-271673-32612,XM-DAC-3-1,10,Danida- Denmark Ministry of Foreign Affairs,
drc-activities,DK-CVR-20699310-DK201698,,,,,,
drc-activities,DK-CVR-20699310-DK201698,,,,,,
drc-activities,DK-CVR-20699310-DK201698,,,,,,
drc-activities,DK-CVR-20699310-DK201698,"
        ",XM-DAC-3-1-271673-32612,XM-DAC-3-1,10,Danida- Denmark Ministry of Foreign Affairs ,
drc-activities,DK-CVR-20699310-DK201699,"
        ",,XM-DAC-3-1,10,Danida HUM (Humanitarian Action) - Ministry of Foreign Affairs of Denmark,
drc-activities,DK-CVR-20699310-DK201699,,,,,,
drc-activities,DK-CVR-20699310-DK201699,,,,,,
drc-activities,DK-CVR-20699310-DK201699,,,,,,
drc-activities,DK-CVR-20699310-DK201699,"
        ",XM-DAC-3-1-271673-32612,XM-DAC-3-1,10,Danida- Denmark Ministry of Foreign Affairs ,
drc-activities,DK-CVR-20699310-DK201699,"
        ",XM-DAC-3-1-271673-32612,XM-DAC-3-1,10,Danida- Denmark Ministry of Foreign Affairs ,
drc-activities,DK-CVR-20699310-DK201700,"
        ",,XM-DAC-3-1,10,Danida HUM (Humanitarian Action) - Ministry of Foreign Affairs of Denmark,
drc-activities,DK-CVR-20699310-DK201700,,,,,,
drc-activities,DK-CVR-20699310-DK201700,,,,,,
drc-activities,DK-CVR-20699310-DK201700,,,,,,
drc-activities,DK-CVR-20699310-DK201700,"
        ",XM-DAC-3-1-271673-32612,XM-DAC-3-1,10,Danida- Denmark Ministry of Foreign Affairs,
drc-activities,DK-CVR-20699310-DK201700,"
        ",XM-DAC-3-1-271673-32612,XM-DAC-3-1,10,Danida Denmark Ministry of Foreign Affairs ,
drc-activities,DK-CVR-20699310-DK201701,"
        ",,XM-DAC-3-1,10,Danida HUM (Humanitarian Action) - Ministry of Foreign Affairs of Denmark,
drc-activities,DK-CVR-20699310-DK201701,,,,,,
drc-activities,DK-CVR-20699310-DK201701,,,,,,
drc-activities,DK-CVR-20699310-DK201701,,,,,,
drc-activities,DK-CVR-20699310-DK201701,,,,,,
drc-activities,DK-CVR-20699310-DK201701,,,,,,
drc-activities,DK-CVR-20699310-DK201701,,,,,,
drc-activities,DK-CVR-20699310-DK201701,"
        ",,XM-DAC-3-1,10,"Denmark - Ministry of Foreign Affairs, Danida",en
drc-activities,DK-CVR-20699310-DK201701,"
        ",,XM-DAC-3-1,10,"Denmark - Ministry of Foreign Affairs, Danida",en
drc-activities,DK-CVR-20699310-DK201711,"
        ",XM-DAC-3-1-271673-32612,XM-DAC-3-1,10,Danida- Denmark Ministry of Foreign Affairs ,
drc-activities,DK-CVR-20699310-DK201711,"
        ",,XM-DAC-3-1,10,Danida HUM (Humanitarian Action) - Ministry of Foreign Affairs of Denmark,
drc-activities,DK-CVR-20699310-DK201711,,,,,,
drc-activities,DK-CVR-20699310-DK201711,,,,,,
drc-activities,DK-CVR-20699310-DK201711,,,,,,
drc-activities,DK-CVR-20699310-DK201711,"
        ",XM-DAC-3-1-271673-32612,XM-DAC-3-1,10,Danida-Denmark Ministry of Foreign Affairs ,
drc-activities,DK-CVR-20699310-DK201711,,,,,,
drc-activities,DK-CVR-20699310-DK201716,"
        ",XM-DAC-3-1-271673-32612,XM-DAC-3-1,10,Danida -Denmark Ministry of Foreign Affairs ,
drc-activities,DK-CVR-20699310-DK201716,"
        ",,XM-DAC-3-1,10,Danida HUM (Humanitarian Action) - Ministry of Foreign Affairs of Denmark,
drc-activities,DK-CVR-20699310-DK201716,,,,,,
drc-activities,DK-CVR-20699310-DK201716,,,,,,
drc-activities,DK-CVR-20699310-DK201716,,,,,,
drc-activities,DK-CVR-20699310-DK201716,"
        ",XM-DAC-3-1-271673-32612,XM-DAC-3-1,10,Danida-Denmark Ministry of Foreign Affairs ,
drc-activities,DK-CVR-20699310-DK201716,,,,,,
drc-activities,DK-CVR-20699310-DK201717,"
        ",,XM-DAC-3-1,10,Danida HUM (Humanitarian Action) - Ministry of Foreign Affairs of Denmark,
drc-activities,DK-CVR-20699310-DK201717,,,,,,
drc-activities,DK-CVR-20699310-DK201717,,,,,,
drc-activities,DK-CVR-20699310-DK201717,,,,,,
drc-activities,DK-CVR-20699310-DK201717,"
        ",XM-DAC-3-1-271673-32612,XM-DAC-3-1,10,Danida -Denmark Ministry of Foreign Affairs ,
drc-activities,DK-CVR-20699310-DK201717,,,,,,
drc-activities,DK-CVR-20699310-DK201717,,,,,,
drc-activities,DK-CVR-20699310-DK201717,"
        ",XM-DAC-3-1-271673-32612,XM-DAC-3-1,10,Danida-Denmark Ministry of Foreign Affairs ,
drc-activities,DK-CVR-20699310-DK201719,"
        ",,XM-DAC-3-1,10,Danida HUM (Humanitarian Action) - Ministry of Foreign Affairs of Denmark,
drc-activities,DK-CVR-20699310-DK201719,,,,,,
drc-activities,DK-CVR-20699310-DK201719,,,,,,
drc-activities,DK-CVR-20699310-DK201719,,,,,,
drc-activities,DK-CVR-20699310-DK201719,"
        ",XM-DAC-3-1-271673-32612,XM-DAC-3-1,10,Danida- Denmark Ministry of Foreign Affairs ,
drc-activities,DK-CVR-20699310-DK201719,,,,,,
drc-activities,DK-CVR-20699310-DK201719,"
        ",XM-DAC-3-1-271673-32612,XM-DAC-3-1,10,Danida- Denmark Ministry of Foreign Affairs ,
drc-activities,DK-CVR-20699310-DK201704,"
        ",,XM-DAC-3-1,10,Danida CIV (Civil Society Development) - Ministry of Foreign Affairs of Denmark,
drc-activities,DK-CVR-20699310-DK201704,"
        ",,DK-CVR-20699310,21,Danish Refugee Council,
drc-activities,DK-CVR-20699310-DK201704,,,,,,
drc-activities,DK-CVR-20699310-DK201704,,,,,,
drc-activities,DK-CVR-20699310-DK201704,,,,,,
drc-activities,DK-CVR-20699310-DK201704,,,,,,
drc-activities,DK-CVR-20699310-DK201704,"
        ",XM-DAC-3-1-271673-32612,XM-DAC-3-1,10,Danida- Denmark Ministry of Foreign Affairs ,
drc-activities,DK-CVR-20699310-DK201704,"
        ",XM-DAC-3-1-271673-32611,XM-DAC-3-1,10,Danida- Denmark Ministry of Foreign Affairs,
drc-activities,DK-CVR-20699310-DK201708,"
        ",,XM-DAC-3-1,10,Danida CIV (Civil Society Development) - Ministry of Foreign Affairs of Denmark,
drc-activities,DK-CVR-20699310-DK201708,,,,,,
drc-activities,DK-CVR-20699310-DK201708,,,,,,
drc-activities,DK-CVR-20699310-DK201708,,,,,,
drc-activities,DK-CVR-20699310-DK201708,,,,,,
drc-activities,DK-CVR-20699310-DK201708,"
        ",XM-DAC-3-1-271673-32611,XM-DAC-3-1,10,Danida- Denmark Ministry of Foreign Affairs,
drc-activities,DK-CVR-20699310-DK201708,"
        ",XM-DAC-3-1-271673-32611,XM-DAC-3-1,10,Danida- Denmark Ministry of Foreign Affairs ,
drc-activities,DK-CVR-20699310-DK201720,"
        ",XM-DAC-3-1-271673-32612,XM-DAC-3-1,10,Danida- Denmark Ministry of Foreign Affairs ,
drc-activities,DK-CVR-20699310-DK201720,"
        ",,XM-DAC-3-1,10,Danida HUM (Humanitarian Action) - Ministry of Foreign Affairs of Denmark,
drc-activities,DK-CVR-20699310-DK201720,,,,,,
drc-activities,DK-CVR-20699310-DK201720,,,,,,
drc-activities,DK-CVR-20699310-DK201720,,,,,,
drc-activities,DK-CVR-20699310-DK201720,"
        ",XM-DAC-3-1-271671-32611,XM-DAC-3-1,10,Danida -Denmark Ministry of Foreign Affairs ,
drc-activities,DK-CVR-20699310-DK201720,,,,,,
drc-activities,DK-CVR-20699310-DK201718,"
        ",,XM-DAC-3-1,10,Danida HUM (Humanitarian Action) - Ministry of Foreign Affairs of Denmark,
drc-activities,DK-CVR-20699310-DK201718,,,,,,
drc-activities,DK-CVR-20699310-DK201718,,,,,,
drc-activities,DK-CVR-20699310-DK201718,,,,,,
drc-activities,DK-CVR-20699310-DK201718,,,,,,
drc-activities,DK-CVR-20699310-DK201718,"
        ",XM-DAC-3-1-271673-32612,XM-DAC-3-1,10,Danida-Denmark Ministry of Foreign Affairs,
drc-activities,DK-CVR-20699310-DK201718,"
        ",XM-DAC-3-1-271673-32612,XM-DAC-3-1,10,Danida- Denmark Ministry of Foreign Affairs ,
drc-activities,DK-CVR-20699310-DF212759,"
        ",DK-CVR-20699310-DF212759,DK-CVR-20699310,21,Danish Refugee Council,
drc-activities,DK-CVR-20699310-DF212759,"
        ",,DK-CVR-20699310,21,Danish Refugee Council ,
drc-activities,DK-CVR-20699310-DF212759,"
        ",DK-CVR-20699310-DF212759,DK-CVR-20699310,21,Danish Refugee Council ,
drc-activities,DK-CVR-20699310-DF212759,"
        ",,DK-CVR-20699310,21,Danish Refugee Council,
drc-activities,DK-CVR-20699310-DK202628,"
        ",,,10,Danida HUM (Humanitarian Action) - Ministry of Foreign Affairs of Denmark,
drc-activities,DK-CVR-20699310-DK202628,,,,,,
drc-activities,DK-CVR-20699310-DK202691,"
        ",,,10,Danida HUM (Humanitarian Action) - Ministry of Foreign Affairs of Denmark,
drc-activities,DK-CVR-20699310-DK202691,,,,,,
drc-activities,DK-CVR-20699310-DK202691,,,,,,
drc-activities,DK-CVR-20699310-DK201710,"
        ",,XM-DAC-3-1,10,Danida HUM (Humanitarian Action) - Ministry of Foreign Affairs of Denmark,
drc-activities,DK-CVR-20699310-DK201710,,,,,,
drc-activities,DK-CVR-20699310-DK201710,,,,,,
drc-activities,DK-CVR-20699310-DK201710,"
        ",,XM-DAC-3-1,10,"Denmark - Ministry of Foreign Affairs, Danida",en
drc-activities,DK-CVR-20699310-DK201710,,,,,,
drc-activities,DK-CVR-20699310-DK201710,,,,,,
drc-activities,DK-CVR-20699310-DK201710,,,,,,
drc-activities,DK-CVR-20699310-DK201710,"
        ",,XM-DAC-3-1,10,"Denmark - Ministry of Foreign Affairs, Danida",en
drc-activities,DK-CVR-20699310-DK201707,,,,,,
drc-activities,DK-CVR-20699310-DK201707,,,,,,
drc-activities,DK-CVR-20699310-DK201707,"
        ",XM-DAC-3-1-271673-32611,XM-DAC-3-1,10,Danida- Denmark Ministry of Foreign Affairs ,
drc-activities,DK-CVR-20699310-DK201707,"
        ",XM-DAC-3-1-271673-32611,XM-DAC-3-1,10,Danida CIV (Civil Society Development) - Ministry of Foreign Affairs of Denmark,
drc-activities,DK-CVR-20699310-DK201702,"
        ",,XM-DAC-3-1,10,Danida HUM (Humanitarian Action) - Ministry of Foreign Affairs of Denmark,
drc-activities,DK-CVR-20699310-DK201702,,,,,,
drc-activities,DK-CVR-20699310-DK201702,,,,,,
drc-activities,DK-CVR-20699310-DK201702,,,,,,
drc-activities,DK-CVR-20699310-DK201702,,,,,,
drc-activities,DK-CVR-20699310-DK201702,,,,,,
drc-activities,DK-CVR-20699310-DK201702,,,,,,
drc-activities,DK-CVR-20699310-DK201702,"
        ",XM-DAC-3-1-271673-32612,XM-DAC-3-1,10,Danida -Denmark Ministry of Foreign Affairs ,
drc-activities,DK-CVR-20699310-DK201702,"
        ",XM-DAC-3-1-271673-32612,XM-DAC-3-1,10,Danida- Denmark Ministry of Foreign Affairs,
drc-activities,DK-CVR-20699310-DK201706,"
        ",XM-DAC-3-1-271673-32611,XM-DAC-3-1,10,Danida- Denmark Ministry of Foreign Affairs ,
drc-activities,DK-CVR-20699310-DK201706,"
        ",,XM-DAC-3-1,10,Danida CIV (Civil Society Development) - Ministry of Foreign Affairs of Denmark,
drc-activities,DK-CVR-20699310-DK201706,,,,,,
drc-activities,DK-CVR-20699310-DK201706,,,,,,
drc-activities,DK-CVR-20699310-DK201706,,,,,,
drc-activities,DK-CVR-20699310-DK201706,,,,,,
drc-activities,DK-CVR-20699310-DK201706,,,,,,
drc-activities,DK-CVR-20699310-DK201706,,,,,,
drc-activities,DK-CVR-20699310-DK201706,,,,,,
drc-activities,DK-CVR-20699310-DK201706,,,,,,
drc-activities,DK-CVR-20699310-DK1926,"
        ",XM-DAC-3-1-271673-32611,XM-DAC-3-1,10,Danida- Denmark Ministry of Foreign Affairs ,
drc-activities,DK-CVR-20699310-DK1926,"
        ",XM-DAC-3-1-271673-32611,XM-DAC-3-1,10,Danida -Denmark Ministry of Foreign Affairs ,
drc-activities,DK-CVR-20699310-DK1926,"
        ",,,10,Danida CIV (Civil Society Development) - Ministry of Foreign Affairs of Denmark,
drc-activities,DK-CVR-20699310-DK1926,,,,,,
drc-activities,DK-CVR-20699310-DK1926,,,,,,
drc-activities,DK-CVR-20699310-DK1926,,,,,,
drc-activities,DK-CVR-20699310-DK1926,,,,,,
drc-activities,DK-CVR-20699310-DK201691,"
        ",,XM-DAC-3-1,10,Danida HUM (Humanitarian Action) - Ministry of Foreign Affairs of Denmark,
drc-activities,DK-CVR-20699310-DK201691,,,,,,
drc-activities,DK-CVR-20699310-DK201691,,,,,,
drc-activities,DK-CVR-20699310-DK201691,,,,,,
drc-activities,DK-CVR-20699310-DK201691,"
        ",XM-DAC-3-1-271673-32612,XM-DAC-3-1,10,Danida- Denmark Ministry of Foreign Affairs ,
drc-activities,DK-CVR-20699310-DK201691,"
        ",XM-DAC-3-1-271673-32612,XM-DAC-3-1,10,Danida- Denmark Ministry of Foreign Affairs ,
drc-activities,DK-CVR-20699310-DK201832,"
        ",,,10,Danida HUM (Humanitarian Action) - Ministry of Foreign Affairs of Denmark,
drc-activities,DK-CVR-20699310-DK201832,,,,,,
drc-activities,DK-CVR-20699310-DK201832,,,,,,
drc-activities,DK-CVR-20699310-DK201832,,,,,,
drc-activities,DK-CVR-20699310-DK201832,,,,,,
drc-activities,DK-CVR-20699310-DK201832,,,,,,
drc-activities,DK-CVR-20699310-DK201832,"
        ",,XM-DAC-3-1,10,"Denmark - Ministry of Foreign Affairs, Danida",
drc-activities,DK-CVR-20699310-DK201832,"
        ",,XM-DAC-3-1,10,"Denmark - Ministry of Foreign Affairs, Danida",
drc-activities,DK-CVR-20699310-DK201684,"
        ",XM-DAC-3-1-271673-32612,XM-DAC-3-1,10,Danida-Denmark Ministry of Foreign Affairs ,
drc-activities,DK-CVR-20699310-DK201684,"
        ",,XM-DAC-3-1,10,Danida HUM (Humanitarian Action) - Ministry of Foreign Affairs of Denmark,
drc-activities,DK-CVR-20699310-DK201684,,,,,,
drc-activities,DK-CVR-20699310-DK201684,,,,,,
drc-activities,DK-CVR-20699310-DK201684,,,,,,
drc-activities,DK-CVR-20699310-DK201684,"
        ",XM-DAC-3-1-271673-32612,XM-DAC-3-1,10,Danida-Denmark Ministry of Foreign Affairs ,
drc-activities,DK-CVR-20699310-DK201712,,,,,,
drc-activities,DK-CVR-20699310-DK201712,,,,,,
drc-activities,DK-CVR-20699310-DK201712,,,,,,
drc-activities,DK-CVR-20699310-DK201712,,,,,,
drc-activities,DK-CVR-20699310-DK201712,,,,,,
drc-activities,DK-CVR-20699310-DK201712,,,,,,
drc-activities,DK-CVR-20699310-DK201712,"
        ",XM-DAC-3-1-271673-32612,XM-DAC-3-1,10,Danida HUM (Humanitarian Action) - Ministry of Foreign Affairs of Denmark,
drc-activities,DK-CVR-20699310-DK201712,"
        ",XM-DAC-3-1-271673-32612,XM-DAC-3-1,10,Danida HUM (Humanitarian Action) - Ministry of Foreign Affairs of Denmark,
drc-activities,DK-CVR-20699310-DK201715,"
        ",,,10,Danida HUM (Humanitarian Action) - Ministry of Foreign Affairs of Denmark,
drc-activities,DK-CVR-20699310-DK201715,,,,,,
drc-activities,DK-CVR-20699310-DK201715,,,,,,
drc-activities,DK-CVR-20699310-DK201715,,,,,,
drc-activities,DK-CVR-20699310-DK201715,"
        ",,XM-DAC-3-1,10,"Denmark - Ministry of Foreign Affairs, Danida",
drc-activities,DK-CVR-20699310-DK201715,,,,,,
drc-activities,DK-CVR-20699310-DK201715,,,,,,
drc-activities,DK-CVR-20699310-DK201715,,,,,,
drc-activities,DK-CVR-20699310-DK201715,"
        ",,XM-DAC-3-1,10,"Denmark - Ministry of Foreign Affairs, Danida",
drc-activities,DK-CVR-20699310-DK201709,"
        ",,XM-DAC-3-1,10,Danida CIV (Civil Society Development) - Ministry of Foreign Affairs of Denmark,
drc-activities,DK-CVR-20699310-DK201709,,,,,,
drc-activities,DK-CVR-20699310-DK201709,,,,,,
drc-activities,DK-CVR-20699310-DK201709,"
        ",XM-DAC-3-1-271673-32611,XM-DAC-3-1,10,Danida Denmark Ministry of Foreign Affairs ,
drc-activities,DK-CVR-20699310-DK201709,,,,,,
drc-activities,DK-CVR-20699310-DK201709,"
        ",XM-DAC-3-1-271673-32611,XM-DAC-3-1,10,Danida- Denmark Ministry of Foreign Affairs ,
drc-activities,DK-CVR-20699310-DK201705,"
        ",,XM-DAC-3-1,10,Danida CIV (Civil Society Development) - Ministry of Foreign Affairs of Denmark,
drc-activities,DK-CVR-20699310-DK201705,,,,,,
drc-activities,DK-CVR-20699310-DK201705,,,,,,
drc-activities,DK-CVR-20699310-DK201705,,,,,,
drc-activities,DK-CVR-20699310-DK201705,,,,,,
drc-activities,DK-CVR-20699310-DK201705,,,,,,
drc-activities,DK-CVR-20699310-DK201705,"
        ",XM-DAC-3-1-271673-32611,XM-DAC-3-1,10,Danida- Denmark Ministry of Foreign Affairs ,
drc-activities,DK-CVR-20699310-DK201705,"
        ",XM-DAC-3-1-271673-32611,XM-DAC-3-1,10,Danida-Denmark Ministry of Foreign Affairs ,
drc-activities,DK-CVR-20699310-DK201696,"
        ",,XM-DAC-3-1,10,Danida HUM (Humanitarian Action) - Ministry of Foreign Affairs of Denmark,
drc-activities,DK-CVR-20699310-DK201696,,,,,,
drc-activities,DK-CVR-20699310-DK201696,,,,,,
drc-activities,DK-CVR-20699310-DK201696,,,,,,
drc-activities,DK-CVR-20699310-DK201696,,,,,,
drc-activities,DK-CVR-20699310-DK201696,"
        ",XM-DAC-3-1-271673-32612,XM-DAC-3-1,10,Danida-Denmark Ministry of Foreign Affairs ,
drc-activities,DK-CVR-20699310-DK201696,,,,,,
drc-activities,DK-CVR-20699310-DK201696,"
        ",XM-DAC-3-1-271673-32612,XM-DAC-3-1,10,Danida -Denmark Ministry of Foreign Affairs ,
