filename,iati-activity/iati-identifier[1],iati-activity/transaction/receiver-org,iati-activity/transaction/receiver-org@receiver-activity-id,iati-activity/transaction/receiver-org@ref,iati-activity/transaction/receiver-org@type,iati-activity/transaction/receiver-org/narrative[1],iati-activity/transaction/receiver-org/narrative[1]@{http://www.w3.org/XML/1998/namespace}lang
drc-activities,DK-CVR-20699310-DF20381,"
        ",,GB-COH-213890,21,START Network/MERF,
drc-activities,DK-CVR-20699310-DF20381,,,,,,
drc-activities,DK-CVR-20699310-DF20381,"
        ",DK-CVR-20699310-DF20381,DK-CVR-20699310,21,Danish Refugee Council,
drc-activities,DK-CVR-20699310-DF20381,"
        ",DK-CVR-20699310-DF20381,DK-CVR-20699310,21,Danish Refugee Council,
drc-activities,DK-CVR-20699310-DF20381,"
        ",DK-CVR-20699310-DF20381,DK-CVR-20699310,21,Danish Refugee Council,
drc-activities,DK-CVR-20699310-DF20381,"
        ",GB-CHC-1065972-DF191,GB-CHC-1065972,21,International Rescue Committee UK,
drc-activities,DK-CVR-20699310-DF20381,"
        ",,GB-COH-213890,21,START Network,
drc-activities,DK-CVR-20699310-DF20381,,,,,,
drc-activities,DK-CVR-20699310-DF20381,,,,,,
drc-activities,DK-CVR-20699310-DF20381,,,,,,
drc-activities,DK-CVR-20699310-DF20381,,,,,,
drc-activities,DK-CVR-20699310-DF20381,,,,,,
drc-activities,DK-CVR-20699310-DF20381,,,,,,
drc-activities,DK-CVR-20699310-DF20381,"
        ",DK-CVR-20699310-DF20381,DK-CVR-20699310,21,Danish Refugee Council,
drc-activities,DK-CVR-20699310-DF20381,"
        ",DK-CVR-20699310-DF20381,DK-CVR-20699310,21,Danish Refugee Council,
drc-activities,DK-CVR-20699310-DF20381,"
        ",DK-CVR-20699310-DF20381,DK-CVR-20699310,21,Danish Refugee Council,
drc-activities,DK-CVR-20699310-DF20381,"
        ",DK-CVR-20699310-DF20381,DK-CVR-20699310,21,Danish Refugee Council,
drc-activities,DK-CVR-20699310-DF20381,"
        ",DK-CVR-20699310-DF20381,DK-CVR-20699310,21,Danish Refugee Council,
drc-activities,DK-CVR-20699310-DF20381,,,,,,
drc-activities,DK-CVR-20699310-DF20381,"
        ",,GB-COH-213890,21,START Network/MERF,
drc-activities,DK-CVR-20699310-DF20381,"
        ",,GB-COH-213890,21,START Network/MERF,
drc-activities,DK-CVR-20699310-DF20381,"
        ",GB-CHC-1065972-DF191,GB-CHC-1065972,21,International Rescue Committee UK,
drc-activities,DK-CVR-20699310-DF20381,"
        ",,GB-COH-213890,21,START Network/MERF,
drc-activities,DK-CVR-20699310-DF20381,"
        ",GB-CHC-1065972-DF191,GB-CHC-1065972,21,International Rescue Committee UK,
drc-activities,DK-CVR-20699310-DF20381,"
        ",,GB-COH-213890,21,START Network/MERF,
drc-activities,DK-CVR-20699310-DF20381,"
        ",,GB-COH-213890,21,START Network/MERF,
drc-activities,DK-CVR-20699310-DF20381,"
        ",GB-CHC-1065972-DF191,GB-CHC-1065972,21,International Rescue Committee UK,
drc-activities,DK-CVR-20699310-DF20381,"
        ",GB-CHC-1065972-DF191,GB-CHC-1065972,21,Danish Refugee Council,
drc-activities,DK-CVR-20699310-DF20381,"
        ",,GB-COH-213890,21,International Rescue Committee UK,
drc-activities,DK-CVR-20699310-DF20381,"
        ",GB-CHC-1065972-DF191,GB-COH-213890,21,International Rescue Committee UK,
drc-activities,DK-CVR-20699310-DF20381,"
        ",GB-COH-213890-DF191,GB-COH-213890,21,International Rescue Committee UK,
drc-activities,DK-CVR-20699310-DF20381,,,,,,
drc-activities,DK-CVR-20699310-DF20381,"
        ",,GB-COH-213890,21,START Network //MERF ,
drc-activities,DK-CVR-20699310-DF20381,,,,,,
drc-activities,DK-CVR-20699310-DF20381,,,,,,
drc-activities,DK-CVR-20699310-DF20381,,,,,,
drc-activities,DK-CVR-20699310-DF18695,"
        ",,,,Lutheran World Federation,
drc-activities,DK-CVR-20699310-DF18695,"
        ",,GB-CHC-1076822,21,Save the Children International,
drc-activities,DK-CVR-20699310-DF18695,"
        ",GB-CHC-1065972-DF184,GB-CHC-1065972,21,International Rescue Committee UK,
drc-activities,DK-CVR-20699310-DF18695,,,DK-CVR-20699310,21,,
drc-activities,DK-CVR-20699310-DF18695,"
        ",GB-CHC-1047501-UG-West_Nile,GB-CHC-1047501,21,Action Against Hunger UK,
drc-activities,DK-CVR-20699310-DF18695,"
        ",,,,Lutheran World Federation,
drc-activities,DK-CVR-20699310-DF18695,,DK-CVR-20699310-DF17695,DK-CVR-20699310,21,,
drc-activities,DK-CVR-20699310-DF18695,"
        ",DK-CVR-20699310-DF17695,DK-CVR-20699310,21,Danish Refugee Council,
drc-activities,DK-CVR-20699310-DF18695,"
        ",GB-CHC-1047501-UG-West_Nile,GB-CHC-1047501,,Action against Hunger UK,
drc-activities,DK-CVR-20699310-DF18695,"
        ",GB-CHC-1065972-DF184,GB-CHC-1065972,21,International Rescue Committee UK,
drc-activities,DK-CVR-20699310-DF18695,"
        ",,GB-CHC-1076822,21,Save the Children International,
drc-activities,DK-CVR-20699310-DF19726,"
        ",DK-CVR-20699310-DF16726,DK-CVR-20699310,21,Danish Refugee Council,
drc-activities,DK-CVR-20699310-DF19726,"
        ",DK-CVR-20699310-DF16726,DK-CVR-20699310,21,Danish Refugee Council,en
drc-activities,DK-CVR-20699310-DF19726,"
        ",,DK-CVR-20699310,21,Danish Refugee Council,
drc-activities,DK-CVR-20699310-DF19726,"
        ",DK-CVR-20699310-DF16726,DK-CVR-20699310,21,Danish Refugee Council,en
drc-activities,DK-CVR-20699310-DF19726,"
        ",DK-CVR-20699310-DF16726,DK-CVR-20699310,21,Danish Refugee Council,en
drc-activities,DK-CVR-20699310-DF19726,"
        ",DK-CVR-20699310-DF16726,DK-CVR-20699310,21,Danish Refugee Council,en
drc-activities,DK-CVR-20699310-DF19726,"
        ",DK-CVR-20699310-DF16726,DK-CVR-20699310,21,Danish Refugee Council,en
drc-activities,DK-CVR-20699310-DF19726,"
        ",DK-CVR-20699310-DF16726,DK-CVR-20699310,21,Danish Refugee Council,en
drc-activities,DK-CVR-20699310-DF19726,,,,,,
drc-activities,DK-CVR-20699310-DF19726,,,,,,
drc-activities,DK-CVR-20699310-DF19726,,,,,,
drc-activities,DK-CVR-20699310-DF19726,,,,,,
drc-activities,DK-CVR-20699310-DF19726,,,,,,
drc-activities,DK-CVR-20699310-DF19726,,,,,,
drc-activities,DK-CVR-20699310-DF19726,,,,,,
drc-activities,DK-CVR-20699310-DF19726,,,,,,
drc-activities,DK-CVR-20699310-DF19726,,,,,,
drc-activities,DK-CVR-20699310-DK19938,"
        ",,DK-CVR-20699310,21,Danish Refugee Council ,
drc-activities,DK-CVR-20699310-DK19938,"
        ",DK-CVR-20699310-DK21649,DK-CVR-20699310,21,Danish Refugee Council,
drc-activities,DK-CVR-20699310-DK19938,"
        ",DK-CVR-20699310-DK21649,DK-CVR-20699310,21,Danish Refugee Council,
drc-activities,DK-CVR-20699310-DK19938,"
        ",DK-CVR-20699310-DK21649,DK-CVR-20699310,21,Danish Refugee Council,
drc-activities,DK-CVR-20699310-DK19938,"
        ",,DK-CVR-20699310,21,Danish Refugee Council,
drc-activities,DK-CVR-20699310-DK19938,"
        ",DK-CVR-20699310-DK21649,DK-CVR-20699310,21,Danish Refugee Council,
drc-activities,DK-CVR-20699310-DK19938,"
        ",DK-CVR-20699310-DK21649,DK-CVR-20699310,21,Danish Refugee Council,
drc-activities,DK-CVR-20699310-DK19938,"
        ",DK-CVR-20699310-DK21649,DK-CVR-20699310,21,Danish Refugee Council ,
drc-activities,DK-CVR-20699310-DK19938,"
        ",DK-CVR-20699310-DK21649,DK-CVR-20699310,21,Danish Refugee Council,
drc-activities,DK-CVR-20699310-DK19938,"
        ",DK-CVR-20699310-DK21649,DK-CVR-20699310,21,Danish Refugee Council,
drc-activities,DK-CVR-20699310-DK19938,"
        ",DK-CVR-20699310-DK21649,DK-CVR-20699310,21,Danish Refugee Council,
drc-activities,DK-CVR-20699310-DK19938,"
        ",DK-CVR-20699310-DK21649,DK-CVR-20699310,21,Danish Refugee Council,
drc-activities,DK-CVR-20699310-DK19938,"
        ",DK-CVR-20699310-DK21649,DK-CVR-20699310,21,Danish Refugee Council,
drc-activities,DK-CVR-20699310-DK2112467,"
        ",DK-CVR-20699310-DK21648,DK-CVR-20699310,21,Danish Refugee Council,
drc-activities,DK-CVR-20699310-DK2112467,"
        ",DK-CVR-20699310-DK2168,DK-CVR-20699310,21,Danish Refugee Council,
drc-activities,DK-CVR-20699310-DK2112467,"
        ",DK-CVR-20699310-DK21648,DK-CVR-20699310,21,Danish Refugee Council,
drc-activities,DK-CVR-20699310-DK2112467,"
        ",DK-CVR-20699310-DK21648,DK-CVR-20699310,21,Danish Refugee Council,
drc-activities,DK-CVR-20699310-DK2112467,"
        ",DK-CVR-20699310-DK21648,DK-CVR-20699310,21,Danish Refugee Council,
drc-activities,DK-CVR-20699310-DK2112467,"
        ",DK-CVR-20699310-DK2112467,DK-CVR-20699310,21,Danish Refugee Council ,
drc-activities,DK-CVR-20699310-DK2112467,"
        ",DK-CVR-20699310-DK21648,DK-CVR-20699310,21,Danish Refugee Council,
drc-activities,DK-CVR-20699310-DK2112467,"
        ",DK-CVR-20699310-DK21648,DK-CVR-20699310,21,Danish Refugee Council,
drc-activities,DK-CVR-20699310-DF2055,"
        ",,DK-CVR-20699310,21,Danish Refugee Council,
drc-activities,DK-CVR-20699310-DF2055,"
        ",,DK-CVR-20699310,21,Danish Refugee Council,
drc-activities,DK-CVR-20699310-DF2055,"
        ",,DK-CVR-20699310,21,Danish Refugee Council,
drc-activities,DK-CVR-20699310-DF2055,"
        ",,DK-CVR-20699310,21,Danish Refugee Council,
drc-activities,DK-CVR-20699310-DF2055,"
        ",,DK-CVR-20699310,21,Danish Refugee Council,
drc-activities,DK-CVR-20699310-DF2055,"
        ",,DK-CVR-20699310,21,Danish Refugee Council,
drc-activities,DK-CVR-20699310-DF2055,"
        ",,DK-CVR-20699310,21,Danish Refugee Council,
drc-activities,DK-CVR-20699310-DF2055,"
        ",,DK-CVR-20699310,21,Danish Refugee Council,
drc-activities,DK-CVR-20699310-DF2055,"
        ",,DK-CVR-20699310,21,Danish Refugee Council,
drc-activities,DK-CVR-20699310-DF2055,"
        ",,DK-CVR-20699310,21,Danish Refugee Council,
drc-activities,DK-CVR-20699310-DF2055,"
        ",,DK-CVR-20699310,21,Danish Refugee Council,
drc-activities,DK-CVR-20699310-DF2055,"
        ",,DK-CVR-20699310,21,Danish Refugee Council,
drc-activities,DK-CVR-20699310-DF2055,"
        ",,DK-CVR-20699310,21,Danish Refugee Council,
drc-activities,DK-CVR-20699310-DF2055,"
        ",,DK-CVR-20699310,21,Danish Refugee Council,
drc-activities,DK-CVR-20699310-DF2055,"
        ",,DK-CVR-20699310,21,Danish Refugee Council,
drc-activities,DK-CVR-20699310-DF2055,"
        ",,DK-CVR-20699310,21,Danish Refugee Council,
drc-activities,DK-CVR-20699310-DF2055,,,,,,
drc-activities,DK-CVR-20699310-DF21849,"
        ",,,,Atlas,
drc-activities,DK-CVR-20699310-DF21849,"
        ",DK-CVR-20699310-DF21849,DK-CVR-20699310,21,Danish Refugee Council,
drc-activities,DK-CVR-20699310-DF21849,"
        ",,,,Evidence Aid,
drc-activities,DK-CVR-20699310-DF21849,"
        ",,GB-CHC-1148404,21,Internews,
drc-activities,DK-CVR-20699310-DF21849,"
        ",,,21,Field Ready,
drc-activities,DK-CVR-20699310-DF21849,"
        ",,GB-CHC-1076235,21,BBC Media Action,
drc-activities,DK-CVR-20699310-DF21849,"
        ",,,,Atlas,
drc-activities,DK-CVR-20699310-DF21849,"
        ",,NO-BRC-977538319,21,Norwegian Refugee Council /ACAPS,
drc-activities,DK-CVR-20699310-DF21849,"
        ",,NO-BRC-977538319,21,Norwegian Refugee Council/ACAPS,
drc-activities,DK-CVR-20699310-DF21849,"
        ",,,21,TWB,
drc-activities,DK-CVR-20699310-DF21849,"
        ",,,21,TWB,
drc-activities,DK-CVR-20699310-DF21849,"
        ",,,,HOT,
drc-activities,DK-CVR-20699310-DF21849,"
        ",,,,HOT,
drc-activities,DK-CVR-20699310-DF21849,"
        ",,GB-CHC-1178168,21,CDAC,
drc-activities,DK-CVR-20699310-DF21849,"
        ",,GB-CHC-1178168,21,CDAC,
drc-activities,DK-CVR-20699310-DF21849,"
        ",,,,Insecurity Insight,
drc-activities,DK-CVR-20699310-DF21849,"
        ",,,,TWB,
drc-activities,DK-CVR-20699310-DF21849,"
        ",,,,TWB,
drc-activities,DK-CVR-20699310-DF21849,"
        ",,GB-CHC-1148404,21,Internews,
drc-activities,DK-CVR-20699310-DF21849,"
        ",,GB-CHC-1148404,21,Internews,
drc-activities,DK-CVR-20699310-DF21849,"
        ",,,,HOT,
drc-activities,DK-CVR-20699310-DF21849,"
        ",,,,HOT,
drc-activities,DK-CVR-20699310-DF21849,"
        ",,,21,The New Humanitarian,
drc-activities,DK-CVR-20699310-DF21849,"
        ",,,,The New Humanitarian,
drc-activities,DK-CVR-20699310-DF21849,"
        ",,,21,The New Humanitarian,
drc-activities,DK-CVR-20699310-DF21849,"
        ",,,21,The New Humanitarian,
drc-activities,DK-CVR-20699310-DF21849,"
        ",,,21,Ground Truth Solutions,
drc-activities,DK-CVR-20699310-DF21849,"
        ",GB-CHC-1178168-CDAC_BURKINA_1,GB-CHC-1178168,21,CDAC,
drc-activities,DK-CVR-20699310-DF21849,"
        ",GB-CHC-1178168-CDAC_BURKINA_1,GB-CHC-1178168,21,CDAC,
drc-activities,DK-CVR-20699310-DF21849,"
        ",,,21,IMMAP,
drc-activities,DK-CVR-20699310-DF21849,"
        ",,,,Sphere,
drc-activities,DK-CVR-20699310-DF21849,"
        ",,,,Sphere,
drc-activities,DK-CVR-20699310-DF21849,"
        ",,,21,The New Humanitarian,
drc-activities,DK-CVR-20699310-DF21849,"
        ",,,,iMMAP,
drc-activities,DK-CVR-20699310-DF21849,"
        ",,GB-CHC-1076235,21,CDAC,
drc-activities,DK-CVR-20699310-DF21849,"
        ",,,,Sphere,
drc-activities,DK-CVR-20699310-DF21849,"
        ",,,21,Ground Truth Solutions,
drc-activities,DK-CVR-20699310-DF21849,"
        ",,,21,The New Humanitarian,
drc-activities,DK-CVR-20699310-DF21849,"
        ",,,21,TWB,
drc-activities,DK-CVR-20699310-DF21849,"
        ",,GB-CHC-1178168,21,CDAC,
drc-activities,DK-CVR-20699310-DF21849,,,,,,
drc-activities,DK-CVR-20699310-DF21849,,,,,,
drc-activities,DK-CVR-20699310-DF21849,,,,,,
drc-activities,DK-CVR-20699310-DF21849,,,,,,
drc-activities,DK-CVR-20699310-DF21849,,,,,,
drc-activities,DK-CVR-20699310-DF21849,,,,,,
drc-activities,DK-CVR-20699310-DF21849,,DK-CVR-20699310-DF21849,DK-CVR-20699310,21,,
drc-activities,DK-CVR-20699310-DU19527,"
        ",DK-CVR-20699310-DU19527,DK-CVR-20699310,21,Danish Refugee Council,
drc-activities,DK-CVR-20699310-DU19527,,,,,,
drc-activities,DK-CVR-20699310-DU19527,,,,,,
drc-activities,DK-CVR-20699310-DU19527,,,,,,
drc-activities,DK-CVR-20699310-DU19527,,,,,,
drc-activities,DK-CVR-20699310-DU19527,,,,,,
drc-activities,DK-CVR-20699310-DU19527,"
        ",XM-DAC-7-PPR-4000000964,XM-DAC-7,10,Netherlands Ministry of Foreign Affairs,
drc-activities,DK-CVR-20699310-DU19527,"
        ",DU52719,DK-CVR-20699310,21,Danish Refugee Council,en
drc-activities,DK-CVR-20699310-DU19527,,,,,,
drc-activities,DK-CVR-20699310-DU19527,,,,,,
drc-activities,DK-CVR-20699310-DU19527,,,,,,
drc-activities,DK-CVR-20699310-DU19527,,,,,,
drc-activities,DK-CVR-20699310-DU20658,,,,,,
drc-activities,DK-CVR-20699310-DU20658,,,,,,
drc-activities,DK-CVR-20699310-DU20658,,,,,,
drc-activities,DK-CVR-20699310-DU20658,,,,,,
drc-activities,DK-CVR-20699310-DU20658,,,,,,
drc-activities,DK-CVR-20699310-DU20658,,,,,,
drc-activities,DK-CVR-20699310-DU20658,,,,,,
drc-activities,DK-CVR-20699310-DU20658,"
        ",,DK-CVR-20699310-DU20658,21,Danish Refugee Council,
drc-activities,DK-CVR-20699310-DU20658,,,,,,
drc-activities,DK-CVR-20699310-DU20658,,,,,,
drc-activities,DK-CVR-20699310-DU20658,"
        ",,DK-CVR-20699310,21,Danish Refugee Council,
drc-activities,DK-CVR-20699310-DU191129,,,,,,
drc-activities,DK-CVR-20699310-DU191129,,,,,,
drc-activities,DK-CVR-20699310-DU191129,,,,,,
drc-activities,DK-CVR-20699310-DU191129,"
        ",DK-CVR-20699310-DU191129,DK-CVR-20699310,21,Danish Refugee Council,
drc-activities,DK-CVR-20699310-DU191129,,,,,,
drc-activities,DK-CVR-20699310-DU191129,,,,,,
drc-activities,DK-CVR-20699310-DU191129,,,,,,
drc-activities,DK-CVR-20699310-DU191129,,,,,,
drc-activities,DK-CVR-20699310-DU191129,,,,,,
drc-activities,DK-CVR-20699310-DF20376,,,,,,
drc-activities,DK-CVR-20699310-DK19947,,,,,,
drc-activities,DK-CVR-20699310-DK19947,,,,,,
drc-activities,DK-CVR-20699310-DK19947,,,,,,
drc-activities,DK-CVR-20699310-DK19947,,,,,,
drc-activities,DK-CVR-20699310-DK19947,"
        ",DK-CVR-20699310-DK19938,DK-CVR-20699310,21,Danish Refugee Council ,
drc-activities,DK-CVR-20699310-DK19947,"
        ",DK-CVR-20699310-DK19938,DK-CVR-20699310,21,Danish Refugee Council ,
drc-activities,DK-CVR-20699310-DF221251,,,,,,
drc-activities,DK-CVR-20699310-DF221251,"
        ",,GB-CHC-1076235,21,BBC Media Action,
drc-activities,DK-CVR-20699310-DF221251,"
        ",GB-COH-213890-82604294,GB-COH-213890,21,Save the Children UK,
drc-activities,DK-CVR-20699310-DF221251,"
        ",,,70,Lhassa Consulting,
drc-activities,DK-CVR-20699310-DF221251,"
        ",,DK-CVR-20699310,21,Danish Refugee Council ,
drc-activities,DK-CVR-20699310-DF221251,"
        ",DK-CVR-20699310-DF221251,DK-CVR-20699310,21,Danish Refugee Council ,
drc-activities,DK-CVR-20699310-DF221251,"
        ",DK-CVR-20699310-DF221251,DK-CVR-20699310,21,Danish Refugee Council,
drc-activities,DK-CVR-20699310-DF221251,,,,,,
drc-activities,DK-CVR-20699310-DF221251,,,,,,
drc-activities,DK-CVR-20699310-DF221251,,,,,,
drc-activities,DK-CVR-20699310-DF221251,,,,,,
drc-activities,DK-CVR-20699310-DF221251,"
        ",DK-CVR-20699310-DF221251,DK-CVR-20699310,21,Danish Refugee Council ,
drc-activities,DK-CVR-20699310-DF221251,"
        ",DK-CVR-20699310-DF221251,DK-CVR-20699310,21,Danish Refugee Council ,
drc-activities,DK-CVR-20699310-DF211215,"
        ",,DK-CVR-20699310,21,Danish Refugee Council ,
drc-activities,DK-CVR-20699310-DF211215,,,,,,
drc-activities,DK-CVR-20699310-DF211215,,,,,,
drc-activities,DK-CVR-20699310-DF211215,,,,,,
drc-activities,DK-CVR-20699310-DF211215,"
        ",DK-CVR-20699310-DF211215,DK-CVR-20699310,21,Danish Refugee Council,
drc-activities,DK-CVR-20699310-DU22821,"
        ",DK-CVR-20699310-DU22821,DK-CVR-20699310,21,Danish Refugee Council,
drc-activities,DK-CVR-20699310-DU22821,,,,,,
drc-activities,DK-CVR-20699310-DU22821,"
        ",DK-CVR-20699310-DU22821,DK-CVR-20699310,21,Danish Refugee Council,
drc-activities,DK-CVR-20699310-DU22821,,,,,,
drc-activities,DK-CVR-20699310-DU22821,,,,,,
drc-activities,DK-CVR-20699310-DU22821,,,,,,
drc-activities,DK-CVR-20699310-DF21532,,,,,,
drc-activities,DK-CVR-20699310-DF21532,,,,,,
drc-activities,DK-CVR-20699310-DF21532,"
        ",,DK-CVR-20699310,21,Danish Refugee Council,
drc-activities,DK-CVR-20699310-DF21532,"
        ",,DK-CVR-20699310,21,Danish Refugee Council,
drc-activities,DK-CVR-20699310-DRCRO04-19,,,,,,
drc-activities,DK-CVR-20699310-DRCRO04-19,"
        ",,DK-CVR-20699310,21,Danish Refugee Council,
drc-activities,DK-CVR-20699310-DRCRO04-19,"
        ",,DK-CVR-20699310,21,Danish Refugee Council,
drc-activities,DK-CVR-20699310-DRCRO04-19,"
        ",,DK-CVR-20699310,21,Danish Refugee Council,
drc-activities,DK-CVR-20699310-DRCRO04-19,"
        ",,DK-CVR-20699310,21,Danish Refugee Council,
drc-activities,DK-CVR-20699310-DRCRO04-19,"
        ",,DK-CVR-20699310,21,Danish Refugee Council,
drc-activities,DK-CVR-20699310-DRCRO04-19,"
        ",,DK-CVR-20699310,21,Danish Refugee Council,
drc-activities,DK-CVR-20699310-DRCRO04-19,"
        ",,DK-CVR-20699310,21,Danish Refugee Council,
drc-activities,DK-CVR-20699310-DRCRO04-19,,,,,,
drc-activities,DK-CVR-20699310-DRCRO04-19,"
        ",,DK-CVR-20699310,21,Danish Refugee Council ,
drc-activities,DK-CVR-20699310-DRCRO04-19,"
        ",,DK-CVR-20699310,21,Danish Refugee Council,
drc-activities,DK-CVR-20699310-DRCRO04-19,"
        ",,DK-CVR-20699310,21,Danish Refugee Council ,
drc-activities,DK-CVR-20699310-DRCRO04-19,"
        ",,DK-CVR-20699310,21,Danish Refugee Council ,
drc-activities,DK-CVR-20699310-DRCRO04-19,"
        ",,DK-CVR-20699310,21,Danish Refugee Council ,
drc-activities,DK-CVR-20699310-DRCRO04-19,"
        ",,DK-CVR-20699310,21,Danish Refugee Council ,
drc-activities,DK-CVR-20699310-DRCRO04-19,"
        ",,DK-CVR-20699310,21,Danish Refugee Council,
drc-activities,DK-CVR-20699310-GA22,,,,,,
drc-activities,DK-CVR-20699310-DRCCOL19,"
        ",,DK-CVR-20699310,21,Danish Refugee Council,en
drc-activities,DK-CVR-20699310-DRCCOL19,"
        ",,DK-CVR-20699310,21,Danish Refugee Council ,
drc-activities,DK-CVR-20699310-DRCCOL19,,,,,,
drc-activities,DK-CVR-20699310-DRCCOL19,"
        ",,DK-CVR-20699310,21,Danish Refugee Council,en
drc-activities,DK-CVR-20699310-DRCCOL19,"
        ",,DK-CVR-20699310,21,Danish Refugee Council,en
drc-activities,DK-CVR-20699310-DRCCOL19,"
        ",,DK-CVR-20699310,21,Danish Refugee Council,en
drc-activities,DK-CVR-20699310-DRCCOL19,"
        ",,DK-CVR-20699310,21,Danish Refugee Council,en
drc-activities,DK-CVR-20699310-DRCRO02-19,"
        ",,DK-CVR-20699310,21,Danish Refugee Council,en
drc-activities,DK-CVR-20699310-DRCRO02-19,"
        ",,DK-CVR-20699310,,Danish Refugee Council,en
drc-activities,DK-CVR-20699310-DRCRO02-19,"
        ",,DK-CVR-20699310,21,Danish Refugee Council,en
drc-activities,DK-CVR-20699310-DRCRO02-19,"
        ",,DK-CVR-20699310,21,Danish Refugee Council,en
drc-activities,DK-CVR-20699310-DRCRO02-19,"
        ",,DK-CVR-20699310,21,Danish Refugee Council,en
drc-activities,DK-CVR-20699310-DRCRO02-19,"
        ",,DK-CVR-20699310,21,Danish Refugee Council,
drc-activities,DK-CVR-20699310-DRCRO02-19,"
        ",,DK-CVR-20699310,21,Danish Refugee Council ,
drc-activities,DK-CVR-20699310-DRCRO02-19,"
        ",,DK-CVR-20699310,21,Danish Refugee Council ,
drc-activities,DK-CVR-20699310-DRCRO02-19,"
        ",,DK-CVR-20699310,21,Danish Refugee Council ,
drc-activities,DK-CVR-20699310-DRCRO02-19,"
        ",,DK-CVR-20699310,21,Danish Refugee Council ,
drc-activities,DK-CVR-20699310-DRCRO02-19,"
        ",,DK-CVR-20699310,21,Danish Refugee Council ,
drc-activities,DK-CVR-20699310-DRCRO02-19,"
        ",,DK-CVR-20699310,21,Danish Refugee Council,
drc-activities,DK-CVR-20699310-DRCRO02-19,"
        ",,DK-CVR-20699310,21,Danish Refugee Council ,
drc-activities,DK-CVR-20699310-DRCRO02-19,"
        ",,DK-CVR-20699310,21,Danish Refugee Council ,
drc-activities,DK-CVR-20699310-DRCRO02-19,"
        ",,DK-CVR-20699310,21,Danish Refugee Council ,
drc-activities,DK-CVR-20699310-DRCRO02-19,"
        ",,DK-CVR-20699310,21,Danish Refugee Council ,
drc-activities,DK-CVR-20699310-DRCRO02-19,"
        ",,DK-CVR-20699310,21,Danish Refugee Council ,
drc-activities,DK-CVR-20699310-DRCRO02-19,"
        ",,DK-CVR-20699310,21,Danish Refugee Council ,
drc-activities,DK-CVR-20699310-DRCRO02-19,"
        ",,DK-CVR-20699310,21,Danish Refugee Council,
drc-activities,DK-CVR-20699310-DRCRO02-19,"
        ",,DK-CVR-20699310,21,Danish Refugee Council,
drc-activities,DK-CVR-20699310-DRCRO02-19,"
        ",,DK-CVR-20699310,21,Danish Refugee Council,
drc-activities,DK-CVR-20699310-DRCRO02-19,"
        ",,DK-CVR-20699310,21,Danish Refugee Council,
drc-activities,DK-CVR-20699310-DRCRO02-19,"
        ",,DK-CVR-20699310,21,Danish Refugee Council,
drc-activities,DK-CVR-20699310-DRCRO02-19,"
        ",,DK-CVR-20699310,21,Danish Refugee Council,
drc-activities,DK-CVR-20699310-DRCRO02-19,"
        ",,DK-CVR-20699310,21,Danish Refugee Council,
drc-activities,DK-CVR-20699310-DRCRO02-19,"
        ",,DK-CVR-20699310,21,Danish Refugee Council,
drc-activities,DK-CVR-20699310-DRCRO02-19,"
        ",,DK-CVR-20699310,21,Danish Refugee Council,
drc-activities,DK-CVR-20699310-DRCRO02-19,,,,,,
drc-activities,DK-CVR-20699310-DRCRO02-19,"
        ",,DK-CVR-20699310,21,Danish Refugee Council,en
drc-activities,DK-CVR-20699310-DRCRO02-19,"
        ",,DK-CVR-20699310,21,Danish Refugee Council,
drc-activities,DK-CVR-20699310-DRCRO03-19,"
        ",,DK-CVR-20699310,21,Danish Refugee Council,en
drc-activities,DK-CVR-20699310-DRCRO03-19,"
        ",,DK-CVR-20699310,21,Danish Refugee Council,en
drc-activities,DK-CVR-20699310-DRCRO03-19,"
        ",,DK-CVR-20699310,21,Danish Refugee Council ,
drc-activities,DK-CVR-20699310-DRCRO03-19,"
        ",,DK-CVR-20699310,21,Danish Refugee Council ,
drc-activities,DK-CVR-20699310-DRCRO03-19,"
        ",,DK-CVR-20699310,21,Danish Refugee Council ,
drc-activities,DK-CVR-20699310-DRCRO03-19,"
        ",,DK-CVR-20699310,21,Danish Refugee Council ,
drc-activities,DK-CVR-20699310-DRCRO03-19,"
        ",,DK-CVR-20699310,21,Danish Refugee Council ,
drc-activities,DK-CVR-20699310-DRCRO03-19,"
        ",,DK-CVR-20699310,21,Danish Refugee Council ,
drc-activities,DK-CVR-20699310-DRCRO03-19,"
        ",,DK-CVR-20699310,21,Danish Refugee Council ,
drc-activities,DK-CVR-20699310-DRCRO03-19,"
        ",,DK-CVR-20699310,21,Danish Refugee Council ,
drc-activities,DK-CVR-20699310-DRCRO03-19,"
        ",,DK-CVR-20699310,21,Danish Refugee Council ,
drc-activities,DK-CVR-20699310-DRCRO03-19,"
        ",,DK-CVR-20699310,21,Danish Refugee Council,en
drc-activities,DK-CVR-20699310-DRCRO03-19,"
        ",,DK-CVR-20699310,21,Danish Refugee Council,en
drc-activities,DK-CVR-20699310-DRCRO03-19,"
        ",,DK-CVR-20699310,21,Danish Refugee Council,en
drc-activities,DK-CVR-20699310-DRCRO03-19,,,,,,
drc-activities,DK-CVR-20699310-DRCRO06-19,"
        ",,DK-CVR-20699310,21,Danish Refugee Council,
drc-activities,DK-CVR-20699310-DRCRO06-19,"
        ",,DK-CVR-20699310,21,Danish Refugee Council,
drc-activities,DK-CVR-20699310-DRCRO06-19,"
        ",,DK-CVR-20699310,21,Danish Refugee Council,en
drc-activities,DK-CVR-20699310-DRCRO06-19,"
        ",,DK-CVR-20699310,21,Danish Refugee Council ,
drc-activities,DK-CVR-20699310-DRCRO06-19,"
        ",,DK-CVR-20699310,21,Danish Refugee Council ,
drc-activities,DK-CVR-20699310-DRCRO06-19,"
        ",,DK-CVR-20699310,21,Danish Refugee Council ,
drc-activities,DK-CVR-20699310-DRCRO06-19,"
        ",,DK-CVR-20699310,21,Danish Refugee Council ,
drc-activities,DK-CVR-20699310-DRCRO06-19,,,,,,
drc-activities,DK-CVR-20699310-DRCRO06-19,"
        ",,DK-CVR-20699310,21,Danish Refugee Council ,
drc-activities,DK-CVR-20699310-DRCRO01-19,"
        ",,DK-CVR-20699310,,Danish Refugee Council,en
drc-activities,DK-CVR-20699310-DRCRO01-19,"
        ",,DK-CVR-20699310,21,Danish Refugee Council,en
drc-activities,DK-CVR-20699310-DRCRO01-19,"
        ",,DK-CVR-20699310,21,Danish Refugee Council,en
drc-activities,DK-CVR-20699310-DRCRO01-19,"
        ",,DK-CVR-20699310,21,Danish Refugee Council,en
drc-activities,DK-CVR-20699310-DRCRO01-19,"
        ",,DK-CVR-20699310,21,Danish Refugee Council,en
drc-activities,DK-CVR-20699310-DRCRO01-19,"
        ",,DK-CVR-20699310,21,Danish Refugee Council,en
drc-activities,DK-CVR-20699310-DRCRO01-19,"
        ",,DK-CVR-20699310,15,Danish Refugee Council,en
drc-activities,DK-CVR-20699310-DRCRO01-19,"
        ",,DK-CVR-20699310,21,Danish Refugee Council,en
drc-activities,DK-CVR-20699310-DRCRO01-19,"
        ",,DK-CVR-20699310,21,Danish Refugee Council,en
drc-activities,DK-CVR-20699310-DRCRO01-19,"
        ",,DK-CVR-20699310,21,Danish Refugee Council,en
drc-activities,DK-CVR-20699310-DRCRO01-19,,,DK-CVR-20699310,21,,
drc-activities,DK-CVR-20699310-DRCRO01-19,"
        ",,DK-CVR-20699310,21,Danish Refugee Council,en
drc-activities,DK-CVR-20699310-DRCRO01-19,"
        ",,DK-CVR-20699310,,Danish Refugee Council,en
drc-activities,DK-CVR-20699310-DRCRO01-19,"
        ",,DK-CVR-20699310,21,Danish Refugee Council,en
drc-activities,DK-CVR-20699310-DRCRO01-19,"
        ",,DK-CVR-20699310,21,Danish Refugee Council,en
drc-activities,DK-CVR-20699310-DRCRO01-19,"
        ",,DK-CVR-20699310,21,Danish Refugee Council,en
drc-activities,DK-CVR-20699310-DRCRO01-19,"
        ",,DK-CVR-20699310,,Danish Refugee Council,en
drc-activities,DK-CVR-20699310-DRCRO01-19,"
        ",,DK-CVR-20699310,21,Danish Refugee Council,en
drc-activities,DK-CVR-20699310-DRCRO01-19,"
        ",,DK-CVR-20699310,21,Danish Refugee Council,en
drc-activities,DK-CVR-20699310-DRCRO01-19,"
        ",,DK-CVR-20699310,21,Danish Refugee Council,en
drc-activities,DK-CVR-20699310-DRCRO01-19,"
        ",,DK-CVR-20699310,21,Danish Refugee Council,en
drc-activities,DK-CVR-20699310-DRCRO01-19,"
        ",,DK-CVR-20699310,21,Danish Refugee Council,en
drc-activities,DK-CVR-20699310-DRCRO01-19,"
        ",,DK-CVR-20699310,21,Danish Refugee Council,en
drc-activities,DK-CVR-20699310-DRCRO01-19,"
        ",,DK-CVR-20699310,21,Danish Refugee Council,en
drc-activities,DK-CVR-20699310-DRCRO01-19,"
        ",,DK-CVR-20699310,21,Danish Refugee Council,en
drc-activities,DK-CVR-20699310-DRCRO01-19,"
        ",,DK-CVR-20699310,21,Danish Refugee Council,en
drc-activities,DK-CVR-20699310-DRCRO01-19,"
        ",,DK-CVR-20699310,21,Danish Refugee Council,en
drc-activities,DK-CVR-20699310-DRCRO01-19,"
        ",,DK-CVR-20699310,21,Danish Refugee Council,en
drc-activities,DK-CVR-20699310-DRCRO01-19,"
        ",,DK-CVR-20699310,21,Danish Refugee Council,en
drc-activities,DK-CVR-20699310-DRCRO01-19,"
        ",,DK-CVR-20699310,21,Danish Refugee Council,en
drc-activities,DK-CVR-20699310-DRCRO01-19,"
        ",,DK-CVR-20699310,21,Danish Refugee Council,en
drc-activities,DK-CVR-20699310-DRCRO01-19,"
        ",,DK-CVR-20699310,21,Danish Refugee Council,en
drc-activities,DK-CVR-20699310-DRCRO01-19,"
        ",,DK-CVR-20699310,21,Danish Refugee Council,en
drc-activities,DK-CVR-20699310-DRCRO01-19,"
        ",,DK-CVR-20699310,21,Danish Refugee Council,en
drc-activities,DK-CVR-20699310-DRCRO01-19,"
        ",,DK-CVR-20699310,21,Danish Refugee Council,en
drc-activities,DK-CVR-20699310-DRCRO01-19,"
        ",,DK-CVR-20699310,21,Danish Refugee Council,en
drc-activities,DK-CVR-20699310-DRCRO01-19,"
        ",,DK-CVR-20699310,21,Danish Refugee Council,en
drc-activities,DK-CVR-20699310-DRCRO01-19,"
        ",,DK-CVR-20699310,21,Danish Refugee Council,en
drc-activities,DK-CVR-20699310-DRCRO01-19,"
        ",,DK-CVR-20699310,21,Danish Refugee Council,en
drc-activities,DK-CVR-20699310-DRCRO01-19,"
        ",,DK-CVR-20699310,21,Danish Refugee Council,en
drc-activities,DK-CVR-20699310-DRCRO01-19,,,,,,
drc-activities,DK-CVR-20699310-DRCRO05-19,"
        ",,DK-CVR-20699310,21,Danish Refugee Council,en
drc-activities,DK-CVR-20699310-DRCRO05-19,"
        ",,DK-CVR-20699310,,Danish Refugee Council,en
drc-activities,DK-CVR-20699310-DRCRO05-19,"
        ",,DK-CVR-20699310,21,Danish Refugee Council,en
drc-activities,DK-CVR-20699310-DRCRO05-19,"
        ",,DK-CVR-20699310,21,Danish Refugee Council,en
drc-activities,DK-CVR-20699310-DRCRO05-19,"
        ",,DK-CVR-20699310,21,Danish Refugee Council,en
drc-activities,DK-CVR-20699310-DRCRO05-19,"
        ",,DK-CVR-20699310,21,Danish Refugee Council,
drc-activities,DK-CVR-20699310-DRCRO05-19,"
        ",,DK-CVR-20699310,21,Danish Refugee Council,en
drc-activities,DK-CVR-20699310-DRCRO05-19,"
        ",,DK-CVR-20699310,21,Danish Refugee Council,en
drc-activities,DK-CVR-20699310-DRCRO05-19,"
        ",,DK-CVR-20699310,21,Danish Refugee Council,en
drc-activities,DK-CVR-20699310-DRCRO05-19,"
        ",,DK-CVR-20699310,21,Danish Refugee Council,en
drc-activities,DK-CVR-20699310-DRCRO05-19,"
        ",,DK-CVR-20699310,21,Danish Refugee Council,en
drc-activities,DK-CVR-20699310-DRCRO05-19,"
        ",,DK-CVR-20699310,21,Danish Refugee Council,en
drc-activities,DK-CVR-20699310-DRCRO05-19,"
        ",,DK-CVR-20699310,21,Danish Refugee Council,en
drc-activities,DK-CVR-20699310-DRCRO05-19,"
        ",,DK-CVR-20699310,21,Danish Refugee Council,en
drc-activities,DK-CVR-20699310-DRCRO05-19,"
        ",,DK-CVR-20699310,21,Danish Refugee Council,en
drc-activities,DK-CVR-20699310-DRCRO05-19,"
        ",,DK-CVR-20699310,21,Danish Refugee Council,en
drc-activities,DK-CVR-20699310-DRCRO05-19,"
        ",,DK-CVR-20699310,21,Danish Refugee Council,en
drc-activities,DK-CVR-20699310-DRCRO05-19,"
        ",,DK-CVR-20699310,21,Danish Refugee Council,en
drc-activities,DK-CVR-20699310-DRCRO05-19,"
        ",,DK-CVR-20699310,21,Danish Refugee Council,en
drc-activities,DK-CVR-20699310-DRCRO05-19,"
        ",,DK-CVR-20699310,21,Danish Refugee Ccouncil,en
drc-activities,DK-CVR-20699310-DRCRO05-19,"
        ",,DK-CVR-20699310,21,Danish Refugee Council,en
drc-activities,DK-CVR-20699310-DRCRO05-19,"
        ",,DK-CVR-20699310,21,Danish Refugee Council,en
drc-activities,DK-CVR-20699310-DRCRO05-19,,,,,,
drc-activities,DK-CVR-20699310-DRCRO05-19,"
        ",,DK-CVR-20699310,21,Danish Refugee Council,en
drc-activities,DK-CVR-20699310-DRCRO05-19,"
        ",,,21,Mixed Migration Centre,en
drc-activities,DK-CVR-20699310-DRCRO05-19,"
        ",,DK-CVR-20699310,21,Danish Refugee Council,en
drc-activities,DK-CVR-20699310-DRCRO05-19,"
        ",,DK-CVR-20699310,21,Danish Refugee Council,en
drc-activities,DK-CVR-20699310-DF212197,"
        ",DK-CVR-20699310-DK212197,DK-CVR-20699310,21,Danish Refugee Council ,
drc-activities,DK-CVR-20699310-DF212197,"
        ",DK-CVR-20699310-DK212197,DK-CVR-20699310,21,Danish Refugee Council ,
drc-activities,DK-CVR-20699310-DF212197,"
        ",DK-CVR-20699310-DK212197,DK-CVR-20699310,21,Danish Refugee Council,
drc-activities,DK-CVR-20699310-DF212197,"
        ",GB-CHC-1082565,FR-RCS-519655997,21,Handicap International UK <i> (Atlas Logistique) </i>,en
drc-activities,DK-CVR-20699310-DF212197,"
        ",,GB-CHC-328158,21,Islamic Relief <i> (Humanitarian Academy for Development (HAD)) </i>,en
drc-activities,DK-CVR-20699310-DF212197,"
        ",,GB-CHC-1178168,21,CDAC Network,en
drc-activities,DK-CVR-20699310-DF212197,"
        ",,,21,RedR UK,en
drc-activities,DK-CVR-20699310-DF212197,"
        ",,NO-BRC-977538319,21,Norwegian Refugee Council <i> (ACAPS) </i>,en
drc-activities,DK-CVR-20699310-DF212197,"
        ",,,21,Ground Truth Solutions (GTS),en
drc-activities,DK-CVR-20699310-DF212197,"
        ",,GB-CHC-1126727,21,MapAction,en
drc-activities,DK-CVR-20699310-DF212197,"
        ",DK-CVR-20699310-DK212197,DK-CVR-20699310,21,Danish Refugee Council,
drc-activities,DK-CVR-20699310-DF201067,,,,,,
drc-activities,DK-CVR-20699310-DF201067,"
        ",DK-CVR-20699310-DF201067,DK-CVR-20699310,21,Danish Refugee Council ,
drc-activities,DK-CVR-20699310-DF201067,"
        ",,DK-CVR-20699310,21,Danish Refugee Council ,
drc-activities,DK-CVR-20699310-DK19953,"
        ",DK-CVR-20699310-DK19938,DK-CVR-20699310,21,Danish Refugee Council,
drc-activities,DK-CVR-20699310-DK19953,"
        ",,DK-CVR-20699310,21,Danish Refugee Council,
drc-activities,DK-CVR-20699310-DK19953,,,,,,
drc-activities,DK-CVR-20699310-DK19953,,,,,,
drc-activities,DK-CVR-20699310-DK19953,,,,,,
drc-activities,DK-CVR-20699310-DK19953,,,,,,
drc-activities,DK-CVR-20699310-DK19953,,,,,,
drc-activities,DK-CVR-20699310-DK19953,"
        ",DK-CVR-20699310-DK19938,DK-CVR-20699310,21,Danish Refugee Council ,
drc-activities,DK-CVR-20699310-DK19953,,,,,,
drc-activities,DK-CVR-20699310-DK1925,"
        ",DK-CVR-20699310-DK19938,DK-CVR-20699310,21,Danish Refugee Council ,
drc-activities,DK-CVR-20699310-DK1925,"
        ",DK-CVR-20699310-DK19938,DK-CVR-20699310,21,Danish Refugee Council ,
drc-activities,DK-CVR-20699310-DK1925,"
        ",,DK-CVR-20699310,21,Danish Refugee Council,
drc-activities,DK-CVR-20699310-DK1925,,,,,,
drc-activities,DK-CVR-20699310-DK1925,,,,,,
drc-activities,DK-CVR-20699310-DK1925,,,,,,
drc-activities,DK-CVR-20699310-DK1925,,,,,,
drc-activities,DK-CVR-20699310-DK19524,"
        ",DK-CVR-20699310-DK19938,DK-CVR-20699310,21,Danish Refugee Council ,
drc-activities,DK-CVR-20699310-DK19524,"
        ",,DK-CVR-20699310,21,Danish Refugee Council,
drc-activities,DK-CVR-20699310-DK19524,,,,,,
drc-activities,DK-CVR-20699310-DK19524,,,,,,
drc-activities,DK-CVR-20699310-DK19524,,,,,,
drc-activities,DK-CVR-20699310-DK19524,,,,,,
drc-activities,DK-CVR-20699310-DK19524,,,,,,
drc-activities,DK-CVR-20699310-DK19615,"
        ",DK-CVR-20699310-DK19938,DK-CVR-20699310,21,Danish Refugee Council ,
drc-activities,DK-CVR-20699310-DK19615,"
        ",DK-CVR-20699310-DK19938,DK-CVR-20699310,21,Danish Refugee Council,
drc-activities,DK-CVR-20699310-DK19615,"
        ",,DK-CVR-20699310,21,Danish Refugee Council,
drc-activities,DK-CVR-20699310-DK19615,,,,,,
drc-activities,DK-CVR-20699310-DK19615,,,,,,
drc-activities,DK-CVR-20699310-DK19615,,,,,,
drc-activities,DK-CVR-20699310-DK19615,,,,,,
drc-activities,DK-CVR-20699310-DK19649,"
        ",DK-CVR-20699310-DK19938,DK-CVR-20699310,21,Danish Refugee Council ,
drc-activities,DK-CVR-20699310-DK19649,"
        ",DK-CVR-20699310-DK19938,DK-CVR-20699310,21,Danish Refugee Council ,
drc-activities,DK-CVR-20699310-DK19649,"
        ",,DK-CVR-20699310,21,Danish Refugee Council,
drc-activities,DK-CVR-20699310-DK19649,,,,,,
drc-activities,DK-CVR-20699310-DK19649,,,,,,
drc-activities,DK-CVR-20699310-DK19649,,,,,,
drc-activities,DK-CVR-20699310-DK19649,,,,,,
drc-activities,DK-CVR-20699310-DK19950,"
        ",DK-CVR-20699310-DK19938,DK-CVR-20699310,21,Danish Refugee Council ,
drc-activities,DK-CVR-20699310-DK19950,"
        ",DK-CVR-20699310-DK19938,DK-CVR-20699310,21,Danish Refugee Council,
drc-activities,DK-CVR-20699310-DK19652,"
        ",,DK-CVR-20699310,21,Danish Refugee Council,
drc-activities,DK-CVR-20699310-DK19652,,,,,,
drc-activities,DK-CVR-20699310-DK19652,,,,,,
drc-activities,DK-CVR-20699310-DK19652,,,,,,
drc-activities,DK-CVR-20699310-DK19652,"
        ",DK-CVR-20699310-DK19938,DK-CVR-20699310,21,Danish Refugee Council,
drc-activities,DK-CVR-20699310-DK19652,,,,,,
drc-activities,DK-CVR-20699310-DK19652,,,,,,
drc-activities,DK-CVR-20699310-DK19652,"
        ",DK-CVR-20699310-DK19938,DK-CVR-20699310,21,Danish Refugee Council,
drc-activities,DK-CVR-20699310-DK19653,"
        ",,DK-CVR-20699310,21,Danish Refugee Council,
drc-activities,DK-CVR-20699310-DK19653,,,,,,
drc-activities,DK-CVR-20699310-DK19653,,,,,,
drc-activities,DK-CVR-20699310-DK19653,,,,,,
drc-activities,DK-CVR-20699310-DK19653,"
        ",DK-CVR-20699310-DK19938,DK-CVR-20699310,21,Danish Refugee Council,
drc-activities,DK-CVR-20699310-DK19653,,,,,,
drc-activities,DK-CVR-20699310-DK19653,"
        ",DK-CVR-20699310-DK19938,DK-CVR-20699310,21,Danish Refugee Council,
drc-activities,DK-CVR-20699310-DK19713,"
        ",DK-CVR-20699310-DK19938,DK-CVR-20699310,21,Danish Refugee Council,
drc-activities,DK-CVR-20699310-DK19713,"
        ",DK-CVR-20699310-DK19938,DK-CVR-20699310,21,Danish Refugee Council,
drc-activities,DK-CVR-20699310-DK19715,"
        ",DK-CVR-20699310-DK19938,DK-CVR-20699310,21,Danish Refugee Council ,
drc-activities,DK-CVR-20699310-DK19715,"
        ",,DK-CVR-20699310,21,Danish Refugee Council,
drc-activities,DK-CVR-20699310-DK19715,,,,,,
drc-activities,DK-CVR-20699310-DK19715,,,,,,
drc-activities,DK-CVR-20699310-DK19715,,,,,,
drc-activities,DK-CVR-20699310-DK19715,"
        ",DK-CVR-20699310-DK19938,DK-CVR-20699310,21,Danish Refugee Council ,
drc-activities,DK-CVR-20699310-DK19715,,,,,,
drc-activities,DK-CVR-20699310-DK19720,"
        ",DK-CVR-20699310-DK19938,DK-CVR-20699310,21,Danish Refugee Council,
drc-activities,DK-CVR-20699310-DK19720,"
        ",,DK-CVR-20699310,21,Danish Refugee Council,
drc-activities,DK-CVR-20699310-DK19720,,,,,,
drc-activities,DK-CVR-20699310-DK19720,,,,,,
drc-activities,DK-CVR-20699310-DK19720,"
        ",DK-CVR-20699310-DK19938,DK-CVR-20699310,21,Danish Refugee Council ,
drc-activities,DK-CVR-20699310-DK19720,,,,,,
drc-activities,DK-CVR-20699310-DK19720,,,,,,
drc-activities,DK-CVR-20699310-DK19726,"
        ",DK-CVR-20699310-DK19938,DK-CVR-20699310,21,Danish Refugee Council,
drc-activities,DK-CVR-20699310-DK19726,"
        ",DK-CVR-20699310-DK19938,DK-CVR-20699310,21,Danish Refugee Council ,
drc-activities,DK-CVR-20699310-DK19726,"
        ",,DK-CVR-20699310,21,Danish Refugee Council,
drc-activities,DK-CVR-20699310-DK19726,,,,,,
drc-activities,DK-CVR-20699310-DK19726,,,,,,
drc-activities,DK-CVR-20699310-DK19726,,,,,,
drc-activities,DK-CVR-20699310-DK19726,,,,,,
drc-activities,DK-CVR-20699310-DK19741,"
        ",,DK-CVR-20699310,21,Danish Refugee Council,
drc-activities,DK-CVR-20699310-DK19741,,,,,,
drc-activities,DK-CVR-20699310-DK19741,,,,,,
drc-activities,DK-CVR-20699310-DK19741,,,,,,
drc-activities,DK-CVR-20699310-DK19741,"
        ",DK-CVR-20699310-DK19938,DK-CVR-20699310,21,Danish Refugee Council ,
drc-activities,DK-CVR-20699310-DK19741,,,,,,
drc-activities,DK-CVR-20699310-DK19741,,,,,,
drc-activities,DK-CVR-20699310-DK19741,"
        ",DK-CVR-20699310-DK19938,DK-CVR-20699310,21,Danish Refugee Council ,
drc-activities,DK-CVR-20699310-DK19744,"
        ",DK-CVR-20699310-DK19938,DK-CVR-20699310,21,Danish Refugee Council ,
drc-activities,DK-CVR-20699310-DK19744,"
        ",DK-CVR-20699310-DK19938,DK-CVR-20699310,21,Danish Refugee Council ,
drc-activities,DK-CVR-20699310-DK19744,"
        ",,DK-CVR-20699310,21,Danish Refugee Council,
drc-activities,DK-CVR-20699310-DK19744,,,,,,
drc-activities,DK-CVR-20699310-DK19744,,,,,,
drc-activities,DK-CVR-20699310-DK19744,,,,,,
drc-activities,DK-CVR-20699310-DK19744,,,,,,
drc-activities,DK-CVR-20699310-DK19843,"
        ",DK-CVR-20699310-DK19938,DK-CVR-20699310,21,Danish Refugee Council ,
drc-activities,DK-CVR-20699310-DK19843,"
        ",DK-CVR-20699310-DK19938,DK-CVR-20699310,21,Danish Refugee Council ,
drc-activities,DK-CVR-20699310-DK19888,,,,,,
drc-activities,DK-CVR-20699310-DK19888,"
        ",,DK-CVR-20699310,21,Danish Refugee Council,
drc-activities,DK-CVR-20699310-DK19888,,,,,,
drc-activities,DK-CVR-20699310-DK19888,,,,,,
drc-activities,DK-CVR-20699310-DK19888,,,,,,
drc-activities,DK-CVR-20699310-DK19888,"
        ",DK-CVR-20699310-DK19938,DK-CVR-20699310,21,Danish Refugee Council,
drc-activities,DK-CVR-20699310-DK19888,,,,,,
drc-activities,DK-CVR-20699310-DK19903,"
        ",,DK-CVR-20699310,21,Danish Refugee Council,
drc-activities,DK-CVR-20699310-DK19903,,,,,,
drc-activities,DK-CVR-20699310-DK19903,,,,,,
drc-activities,DK-CVR-20699310-DK19903,,,,,,
drc-activities,DK-CVR-20699310-DK19903,"
        ",DK-CVR-20699310-DK19938,DK-CVR-20699310,21,Danish Refugee Council ,
drc-activities,DK-CVR-20699310-DK19903,,,,,,
drc-activities,DK-CVR-20699310-DK19903,,,,,,
drc-activities,DK-CVR-20699310-DK19903,"
        ",DK-CVR-20699310-DK19938,DK-CVR-20699310,21,Danish Refugee Council ,
drc-activities,DK-CVR-20699310-DK19971,"
        ",DK-CVR-20699310-DK19938,DK-CVR-20699310,21,Danish Refugee Council,
drc-activities,DK-CVR-20699310-DK19971,"
        ",,DK-CVR-20699310,21,Danish Refugee Council,
drc-activities,DK-CVR-20699310-DK19971,,,,,,
drc-activities,DK-CVR-20699310-DK19971,,,,,,
drc-activities,DK-CVR-20699310-DK19971,,,,,,
drc-activities,DK-CVR-20699310-DK19973,"
        ",,DK-CVR-20699310,21,Danish Refugee Council,
drc-activities,DK-CVR-20699310-DK19973,,,,,,
drc-activities,DK-CVR-20699310-DK19973,,,,,,
drc-activities,DK-CVR-20699310-DK19973,,,,,,
drc-activities,DK-CVR-20699310-DK19973,,,,,,
drc-activities,DK-CVR-20699310-DK19973,,,,,,
drc-activities,DK-CVR-20699310-DK19973,"
        ",DK-CVR-20699310-DK19938,DK-CVR-20699310,21,Danish Refugee Council,
drc-activities,DK-CVR-20699310-DK19973,"
        ",DK-CVR-20699310-DK19938,DK-CVR-20699310,21,Danish Refugee Council,
drc-activities,DK-CVR-20699310-DK19974,"
        ",DK-CVR-20699310-DK19938,DK-CVR-20699310,21,Danish Refugee Council,
drc-activities,DK-CVR-20699310-DK19974,"
        ",,DK-CVR-20699310,21,Danish Refugee Council,
drc-activities,DK-CVR-20699310-DK19974,,,,,,
drc-activities,DK-CVR-20699310-DK19974,,,,,,
drc-activities,DK-CVR-20699310-DK19974,,,,,,
drc-activities,DK-CVR-20699310-DK19974,,,,,,
drc-activities,DK-CVR-20699310-DK19976,"
        ",,DK-CVR-20699310,21,Danish Refugee Council,
drc-activities,DK-CVR-20699310-DK19976,,,,,,
drc-activities,DK-CVR-20699310-DK19976,,,,,,
drc-activities,DK-CVR-20699310-DK19976,,,,,,
drc-activities,DK-CVR-20699310-DK19976,"
        ",DK-CVR-20699310-DK19938,DK-CVR-20699310,21,Danish Refugee Council ,
drc-activities,DK-CVR-20699310-DK19976,,,,,,
drc-activities,DK-CVR-20699310-DK19976,"
        ",DK-CVR-20699310-DK19938,DK-CVR-20699310,21,Danish Refugee Council ,
drc-activities,DK-CVR-20699310-DK19977,"
        ",DK-CVR-20699310-DK19938,DK-CVR-20699310,21,Danish Refugee Council ,
drc-activities,DK-CVR-20699310-DK19977,"
        ",,DK-CVR-20699310,21,Danish Refugee Council,
drc-activities,DK-CVR-20699310-DK19977,,,,,,
drc-activities,DK-CVR-20699310-DK19977,,,,,,
drc-activities,DK-CVR-20699310-DK19977,"
        ",DK-CVR-20699310-DK19938,DK-CVR-20699310,21,Danish Refugee Council ,
drc-activities,DK-CVR-20699310-DK19977,"
        ",DK-CVR-20699310-DK19938,DK-CVR-20699310,21,Danish Refugee Council ,
drc-activities,DK-CVR-20699310-DK19977,,,,,,
drc-activities,DK-CVR-20699310-DK191007,"
        ",,DK-CVR-20699310,21,Danish Refugee Council,
drc-activities,DK-CVR-20699310-DK191007,,,,,,
drc-activities,DK-CVR-20699310-DK191007,,,,,,
drc-activities,DK-CVR-20699310-DK191007,,,,,,
drc-activities,DK-CVR-20699310-DK191007,"
        ",DK-CVR-20699310-DK19938,DK-CVR-20699310,21,Danish Refugee Council ,
drc-activities,DK-CVR-20699310-DK191007,,,,,,
drc-activities,DK-CVR-20699310-DK191007,"
        ",DK-CVR-20699310-DK19938,DK-CVR-20699310,21,Danish Refugee Council ,
drc-activities,DK-CVR-20699310-DK19742,"
        ",DK-CVR-20699310-DK19938,DK-CVR-20699310,21,Danish Refugee Council ,
drc-activities,DK-CVR-20699310-DK19742,"
        ",,DK-CVR-20699310,21,Danish Refugee Council,
drc-activities,DK-CVR-20699310-DK19742,,,,,,
drc-activities,DK-CVR-20699310-DK19742,,,,,,
drc-activities,DK-CVR-20699310-DK19742,,,,,,
drc-activities,DK-CVR-20699310-DK19742,,,,,,
drc-activities,DK-CVR-20699310-DK19742,"
        ",DK-CVR-20699310-DK19938,DK-CVR-20699310,21,Danish Refugee Council,
drc-activities,DK-CVR-20699310-DK191239,"
        ",,DK-CVR-20699310,21,Danish Refugee Council,
drc-activities,DK-CVR-20699310-DK191239,,,,,,
drc-activities,DK-CVR-20699310-DK191239,,,,,,
drc-activities,DK-CVR-20699310-DK191239,,,,,,
drc-activities,DK-CVR-20699310-DK191239,"
        ",DK-CVR-20699310-DK19938,DK-CVR-20699310,21,Danish Refugee Council ,
drc-activities,DK-CVR-20699310-DK191239,,,,,,
drc-activities,DK-CVR-20699310-DK191239,,,,,,
drc-activities,DK-CVR-20699310-DK191239,"
        ",DK-CVR-20699310-DK19938,DK-CVR-20699310,21,Danish Refugee Council ,
drc-activities,DK-CVR-20699310-DK191790,"
        ",,DK-CVR-20699310,21,Danish Refugee Council,
drc-activities,DK-CVR-20699310-DK191790,,,,,,
drc-activities,DK-CVR-20699310-DK191790,,,,,,
drc-activities,DK-CVR-20699310-DK191790,,,,,,
drc-activities,DK-CVR-20699310-DK191790,,,,,,
drc-activities,DK-CVR-20699310-DK19479,"
        ",,DK-CVR-20699310,21,Danish Refugee Council,
drc-activities,DK-CVR-20699310-DK19479,,,,,,
drc-activities,DK-CVR-20699310-DK19479,,,,,,
drc-activities,DK-CVR-20699310-DK201680,"
        ",DK-CVR-20699310-DK2112467,DK-CVR-20699310,21,Danish Refugee Council ,
drc-activities,DK-CVR-20699310-DK201680,"
        ",,DK-CVR-20699310,21,Danish Refugee Council,
drc-activities,DK-CVR-20699310-DK201680,,,,,,
drc-activities,DK-CVR-20699310-DK201680,,,,,,
drc-activities,DK-CVR-20699310-DK201680,,,,,,
drc-activities,DK-CVR-20699310-DK201680,,,,,,
drc-activities,DK-CVR-20699310-DK201680,"
        ",DK-CVR-20699310-DK2112467,DK-CVR-20699310,21,Danish Refugee Council ,
drc-activities,DK-CVR-20699310-DK201681,"
        ",DK-CVR-20699310-DK2112467,DK-CVR-20699310,21,Danish Refugee Council,
drc-activities,DK-CVR-20699310-DK201681,,,,,,
drc-activities,DK-CVR-20699310-DK201681,,,,,,
drc-activities,DK-CVR-20699310-DK201681,"
        ",DK-CVR-20699310-DK19938,DK-CVR-20699310,21,Danish Refugee Council,
drc-activities,DK-CVR-20699310-DK201683,"
        ",DK-CVR-20699310-DK19938,DK-CVR-20699310,21,Danish Refugee Council ,
drc-activities,DK-CVR-20699310-DK201683,"
        ",,DK-CVR-20699310,21,Danish Refugee Council,
drc-activities,DK-CVR-20699310-DK201683,,,,,,
drc-activities,DK-CVR-20699310-DK201683,,,,,,
drc-activities,DK-CVR-20699310-DK201683,,,,,,
drc-activities,DK-CVR-20699310-DK201683,,,,,,
drc-activities,DK-CVR-20699310-DK201683,,,,,,
drc-activities,DK-CVR-20699310-DK201685,"
        ",,DK-CVR-20699310,21,Danish Refugee Council,
drc-activities,DK-CVR-20699310-DK201685,,,,,,
drc-activities,DK-CVR-20699310-DK201685,,,,,,
drc-activities,DK-CVR-20699310-DK201685,"
        ",,DK-CVR-20699310,21,Danish Refugee Council,
drc-activities,DK-CVR-20699310-DK201685,,,,,,
drc-activities,DK-CVR-20699310-DK201685,,,,,,
drc-activities,DK-CVR-20699310-DK201685,"
        ",,DK-CVR-20699310,21,Danish Refugee Council,
drc-activities,DK-CVR-20699310-DK201687,"
        ",,DK-CVR-20699310,21,Danish Refugee Council,
drc-activities,DK-CVR-20699310-DK201687,,,,,,
drc-activities,DK-CVR-20699310-DK201687,,,,,,
drc-activities,DK-CVR-20699310-DK201687,,,,,,
drc-activities,DK-CVR-20699310-DK201687,"
        ",DK-CVR-20699310-DK19938,DK-CVR-20699310,21,Danish Refugee Council ,
drc-activities,DK-CVR-20699310-DK201687,,,,,,
drc-activities,DK-CVR-20699310-DK201687,"
        ",DK-CVR-20699310-DK19938,DK-CVR-20699310,21,Danish Refugee Council ,
drc-activities,DK-CVR-20699310-DK201688,"
        ",,DK-CVR-20699310,21,Danish Refugee Council,
drc-activities,DK-CVR-20699310-DK201688,,,,,,
drc-activities,DK-CVR-20699310-DK201688,,,,,,
drc-activities,DK-CVR-20699310-DK201688,,,,,,
drc-activities,DK-CVR-20699310-DK201688,,,,,,
drc-activities,DK-CVR-20699310-DK201688,,,,,,
drc-activities,DK-CVR-20699310-DK201688,"
        ",,DK-CVR-20699310,21,Danish Refugee Council,en
drc-activities,DK-CVR-20699310-DK201688,"
        ",,DK-CVR-20699310,21,Danish Refugee Council,en
drc-activities,DK-CVR-20699310-DK201689,"
        ",,DK-CVR-20699310,21,Danish Refugee Council,
drc-activities,DK-CVR-20699310-DK201689,,,,,,
drc-activities,DK-CVR-20699310-DK201689,,,,,,
drc-activities,DK-CVR-20699310-DK201689,,,,,,
drc-activities,DK-CVR-20699310-DK201689,,,,,,
drc-activities,DK-CVR-20699310-DK201689,,,,,,
drc-activities,DK-CVR-20699310-DK201689,,,,,,
drc-activities,DK-CVR-20699310-DK201689,,,,,,
drc-activities,DK-CVR-20699310-DK201689,"
        ",DK-CVR-20699310-DK19938,DK-CVR-20699310,21,Danish Refugee Council,
drc-activities,DK-CVR-20699310-DK201689,"
        ",DK-CVR-20699310-DK19938,DK-CVR-20699310,21,Danish Refugee Council ,
drc-activities,DK-CVR-20699310-DK201690,"
        ",,DK-CVR-20699310,21,Danish Refugee Council,
drc-activities,DK-CVR-20699310-DK201690,,,,,,
drc-activities,DK-CVR-20699310-DK201690,,,,,,
drc-activities,DK-CVR-20699310-DK201690,,,,,,
drc-activities,DK-CVR-20699310-DK201690,,,,,,
drc-activities,DK-CVR-20699310-DK201690,,,,,,
drc-activities,DK-CVR-20699310-DK201690,"
        ",DK-CVR-20699310-DK19938,DK-CVR-20699310,21,Danish Refugee Council ,
drc-activities,DK-CVR-20699310-DK201690,"
        ",DK-CVR-20699310-DK19938,DK-CVR-20699310,21,Danish Refugee Council ,
drc-activities,DK-CVR-20699310-DK1940,"
        ",,DK-CVR-20699310,21,Danish Refugee Council,
drc-activities,DK-CVR-20699310-DK1940,,,,,,
drc-activities,DK-CVR-20699310-DK1940,,,,,,
drc-activities,DK-CVR-20699310-DK1940,,,,,,
drc-activities,DK-CVR-20699310-DK1940,"
        ",DK-CVR-20699310-DK19938,DK-CVR-20699310,21,Danish Refugee Council ,
drc-activities,DK-CVR-20699310-DK1940,"
        ",DK-CVR-20699310-DK19938,DK-CVR-20699310,21,Danish Refugee Council ,
drc-activities,DK-CVR-20699310-DK1940,,,,,,
drc-activities,DK-CVR-20699310-DK201692,"
        ",,DK-CVR-20699310,21,Danish Refugee Council,
drc-activities,DK-CVR-20699310-DK201692,,,,,,
drc-activities,DK-CVR-20699310-DK201692,,,,,,
drc-activities,DK-CVR-20699310-DK201692,,,,,,
drc-activities,DK-CVR-20699310-DK201692,,,,,,
drc-activities,DK-CVR-20699310-DK201692,,,,,,
drc-activities,DK-CVR-20699310-DK201692,,,,,,
drc-activities,DK-CVR-20699310-DK201692,,,,,,
drc-activities,DK-CVR-20699310-DK201692,"
        ",DK-CVR-20699310-DK19938,DK-CVR-20699310,21,Danish Refugee Council,
drc-activities,DK-CVR-20699310-DK201692,"
        ",DK-CVR-20699310-DK19938,DK-CVR-20699310,21,Danish Refugee Council ,
drc-activities,DK-CVR-20699310-DK19972,"
        ",,DK-CVR-20699310,21,Danish Refugee Council,
drc-activities,DK-CVR-20699310-DK19972,,,,,,
drc-activities,DK-CVR-20699310-DK19972,,,,,,
drc-activities,DK-CVR-20699310-DK19972,,,,,,
drc-activities,DK-CVR-20699310-DK19972,,,,,,
drc-activities,DK-CVR-20699310-DK19972,,,,,,
drc-activities,DK-CVR-20699310-DK201686,"
        ",,DK-CVR-20699310,21,Danish Refugee Council,
drc-activities,DK-CVR-20699310-DK201686,,,,,,
drc-activities,DK-CVR-20699310-DK201686,,,,,,
drc-activities,DK-CVR-20699310-DK201686,,,,,,
drc-activities,DK-CVR-20699310-DK201686,"
        ",DK-CVR-20699310-DK19938,DK-CVR-20699310,21,Danish Refugee Council ,
drc-activities,DK-CVR-20699310-DK201686,"
        ",DK-CVR-20699310-DK19938,DK-CVR-20699310,21,Danish Refugee Council ,
drc-activities,DK-CVR-20699310-DU252394,,,,,,
drc-activities,DK-CVR-20699310-DU252398,"
        ",DK-CVR-20699310-DU252394,DK-CVR-20699310,21,Danish Refugee Council ,
drc-activities,DK-CVR-20699310-DU252398,"
        ",DK-CVR-20699310-DU252394,DK-CVR-20699310,21,Danish Refugee Council ,
drc-activities,DK-CVR-20699310-DU252397,"
        ",DK-CVR-20699310-DU252394,DK-CVR-20699310,21,Danish Refugee Council ,
drc-activities,DK-CVR-20699310-DU252397,"
        ",DK-CVR-20699310-DU252394,DK-CVR-20699310,21,Danish Refugee Council,
drc-activities,DK-CVR-20699310-DU252399,"
        ",DK-CVR-20699310-DU252394,DK-CVR-20699310,21,Danish Refugee Council,
drc-activities,DK-CVR-20699310-DU252399,"
        ",DK-CVR-20699310-DU252394,DK-CVR-20699310,21,Danish Refugee Council ,
drc-activities,DK-CVR-20699310-DK201695,"
        ",DK-CVR-20699310-DK19938,DK-CVR-20699310,21,Danish Refugee Council ,
drc-activities,DK-CVR-20699310-DK201695,"
        ",,DK-CVR-20699310,21,Danish Refugee Council,
drc-activities,DK-CVR-20699310-DK201695,,,,,,
drc-activities,DK-CVR-20699310-DK201695,,,,,,
drc-activities,DK-CVR-20699310-DK201695,,,,,,
drc-activities,DK-CVR-20699310-DK201695,,,,,,
drc-activities,DK-CVR-20699310-DK201695,"
        ",DK-CVR-20699310-DK19938,DK-CVR-20699310,21,Danish Refugee Council ,
drc-activities,DK-CVR-20699310-DK201693,"
        ",DK-CVR-20699310-DK19938,DK-CVR-20699310,21,Danish Refugee Council ,
drc-activities,DK-CVR-20699310-DK201693,"
        ",,DK-CVR-20699310,21,Danish Refugee Council,
drc-activities,DK-CVR-20699310-DK201693,,,,,,
drc-activities,DK-CVR-20699310-DK201693,,,,,,
drc-activities,DK-CVR-20699310-DK201693,,,,,,
drc-activities,DK-CVR-20699310-DK201693,"
        ",DK-CVR-20699310-DK19938,DK-CVR-20699310,21,Danish Refugee Council ,
drc-activities,DK-CVR-20699310-DK201698,"
        ",,DK-CVR-20699310,21,Danish Refugee Council,
drc-activities,DK-CVR-20699310-DK201698,,,,,,
drc-activities,DK-CVR-20699310-DK201698,,,,,,
drc-activities,DK-CVR-20699310-DK201698,,,,,,
drc-activities,DK-CVR-20699310-DK201698,"
        ",DK-CVR-20699310-DK19938,DK-CVR-20699310,21,Danish Refugee Council ,
drc-activities,DK-CVR-20699310-DK201698,,,,,,
drc-activities,DK-CVR-20699310-DK201698,,,,,,
drc-activities,DK-CVR-20699310-DK201698,,,,,,
drc-activities,DK-CVR-20699310-DK201698,"
        ",DK-CVR-20699310-DK19938,DK-CVR-20699310,21,Danish Refugee Council ,
drc-activities,DK-CVR-20699310-DK201699,"
        ",,DK-CVR-20699310,21,Danish Refugee Council,
drc-activities,DK-CVR-20699310-DK201699,,,,,,
drc-activities,DK-CVR-20699310-DK201699,,,,,,
drc-activities,DK-CVR-20699310-DK201699,,,,,,
drc-activities,DK-CVR-20699310-DK201699,"
        ",DK-CVR-20699310-DK19938,DK-CVR-20699310,21,Danish Refugee Council ,
drc-activities,DK-CVR-20699310-DK201699,"
        ",DK-CVR-20699310-DK19938,DK-CVR-20699310,21,Danish Refugee Council ,
drc-activities,DK-CVR-20699310-DK201700,"
        ",,DK-CVR-20699310,21,Danish Refugee Council,
drc-activities,DK-CVR-20699310-DK201700,,,,,,
drc-activities,DK-CVR-20699310-DK201700,,,,,,
drc-activities,DK-CVR-20699310-DK201700,,,,,,
drc-activities,DK-CVR-20699310-DK201700,"
        ",DK-CVR-20699310-DK19938,DK-CVR-20699310,21,Danish Refugee Council ,
drc-activities,DK-CVR-20699310-DK201700,"
        ",DK-CVR-20699310-DK19938,DK-CVR-20699310,21,Danish Refugee Council ,
drc-activities,DK-CVR-20699310-DK201701,"
        ",,DK-CVR-20699310,21,Danish Refugee Council,
drc-activities,DK-CVR-20699310-DK201701,,,,,,
drc-activities,DK-CVR-20699310-DK201701,,,,,,
drc-activities,DK-CVR-20699310-DK201701,,,,,,
drc-activities,DK-CVR-20699310-DK201701,,,,,,
drc-activities,DK-CVR-20699310-DK201701,,,,,,
drc-activities,DK-CVR-20699310-DK201701,,,,,,
drc-activities,DK-CVR-20699310-DK201701,"
        ",,DK-CVR-20699310,21,Dansh Refugee Council,en
drc-activities,DK-CVR-20699310-DK201701,"
        ",,DK-CVR-20699310,21,Danish Refugee Council,en
drc-activities,DK-CVR-20699310-DK201711,"
        ",DK-CVR-20699310-DK19938,DK-CVR-20699310,21,Danish Refugee Council ,
drc-activities,DK-CVR-20699310-DK201711,"
        ",,DK-CVR-20699310,21,Danish Refugee Council,
drc-activities,DK-CVR-20699310-DK201711,,,,,,
drc-activities,DK-CVR-20699310-DK201711,,,,,,
drc-activities,DK-CVR-20699310-DK201711,,,,,,
drc-activities,DK-CVR-20699310-DK201711,"
        ",DK-CVR-20699310-DK19938,DK-CVR-20699310,21,Danish Refugee Council ,
drc-activities,DK-CVR-20699310-DK201711,,,,,,
drc-activities,DK-CVR-20699310-DK201716,"
        ",DK-CVR-20699310-DK19938,DK-CVR-20699310,21,Danish Refugee Council ,
drc-activities,DK-CVR-20699310-DK201716,"
        ",,DK-CVR-20699310,21,Danish Refugee Council,
drc-activities,DK-CVR-20699310-DK201716,,,,,,
drc-activities,DK-CVR-20699310-DK201716,,,,,,
drc-activities,DK-CVR-20699310-DK201716,,,,,,
drc-activities,DK-CVR-20699310-DK201716,"
        ",DK-CVR-20699310-DK19938,DK-CVR-20699310,21,Danish Refugee Council,
drc-activities,DK-CVR-20699310-DK201716,,,,,,
drc-activities,DK-CVR-20699310-DK201717,"
        ",,DK-CVR-20699310,21,Danish Refugee Council,
drc-activities,DK-CVR-20699310-DK201717,,,,,,
drc-activities,DK-CVR-20699310-DK201717,,,,,,
drc-activities,DK-CVR-20699310-DK201717,,,,,,
drc-activities,DK-CVR-20699310-DK201717,"
        ",DK-CVR-20699310-DK19938,DK-CVR-20699310,21,Danish Refugee Council ,
drc-activities,DK-CVR-20699310-DK201717,,,,,,
drc-activities,DK-CVR-20699310-DK201717,,,,,,
drc-activities,DK-CVR-20699310-DK201717,"
        ",DK-CVR-20699310-DK19938,DK-CVR-20699310,21,Danish Refugee Council ,
drc-activities,DK-CVR-20699310-DK201719,"
        ",,DK-CVR-20699310,21,Danish Refugee Council,
drc-activities,DK-CVR-20699310-DK201719,,,,,,
drc-activities,DK-CVR-20699310-DK201719,,,,,,
drc-activities,DK-CVR-20699310-DK201719,,,,,,
drc-activities,DK-CVR-20699310-DK201719,"
        ",DK-CVR-20699310-DK19938,DK-CVR-20699310,21,Danish Refugee Council ,
drc-activities,DK-CVR-20699310-DK201719,,,,,,
drc-activities,DK-CVR-20699310-DK201719,"
        ",DK-CVR-20699310-DK19938,DK-CVR-20699310,21,Danish Refugee Council ,
drc-activities,DK-CVR-20699310-DK201704,"
        ",,DK-CVR-20699310,21,Danish Refugee Council,
drc-activities,DK-CVR-20699310-DK201704,"
        ",,0,21,Women Activities and Social Services Association (WASSA),
drc-activities,DK-CVR-20699310-DK201704,,,,,,
drc-activities,DK-CVR-20699310-DK201704,,,,,,
drc-activities,DK-CVR-20699310-DK201704,,,,,,
drc-activities,DK-CVR-20699310-DK201704,,,,,,
drc-activities,DK-CVR-20699310-DK201704,"
        ",DK-CVR-20699310-DK2112467,DK-CVR-20699310,21,Danish Refugee Council ,
drc-activities,DK-CVR-20699310-DK201704,"
        ",DK-CVR-20699310-DK2112467,DK-CVR-20699310,21,Danish Refugee Council ,
drc-activities,DK-CVR-20699310-DK201708,"
        ",,DK-CVR-20699310,21,Danish Refugee Council,
drc-activities,DK-CVR-20699310-DK201708,,,,,,
drc-activities,DK-CVR-20699310-DK201708,,,,,,
drc-activities,DK-CVR-20699310-DK201708,,,,,,
drc-activities,DK-CVR-20699310-DK201708,,,,,,
drc-activities,DK-CVR-20699310-DK201708,"
        ",DK-CVR-20699310-DK2112467,DK-CVR-20699310,21,Danish Refugee Council,
drc-activities,DK-CVR-20699310-DK201708,"
        ",DK-CVR-20699310-DK2112467,DK-CVR-20699310,21,Danish Refugee Council ,
drc-activities,DK-CVR-20699310-DK201720,"
        ",DK-CVR-20699310-DK2112467,DK-CVR-20699310,21,Danish Refugee Council ,
drc-activities,DK-CVR-20699310-DK201720,"
        ",,DK-CVR-20699310,21,Danish Refugee Council,
drc-activities,DK-CVR-20699310-DK201720,,,,,,
drc-activities,DK-CVR-20699310-DK201720,,,,,,
drc-activities,DK-CVR-20699310-DK201720,,,,,,
drc-activities,DK-CVR-20699310-DK201720,"
        ",DK-CVR-20699310-DK2112467,DK-CVR-20699310,21,Danish Refugee Council ,
drc-activities,DK-CVR-20699310-DK201720,,,,,,
drc-activities,DK-CVR-20699310-DK201718,"
        ",,DK-CVR-20699310,21,Danish Refugee Council,
drc-activities,DK-CVR-20699310-DK201718,,,,,,
drc-activities,DK-CVR-20699310-DK201718,,,,,,
drc-activities,DK-CVR-20699310-DK201718,,,,,,
drc-activities,DK-CVR-20699310-DK201718,,,,,,
drc-activities,DK-CVR-20699310-DK201718,"
        ",DK-CVR-20699310-DK19938,DK-CVR-20699310,21,Danish Refugee Council ,
drc-activities,DK-CVR-20699310-DK201718,"
        ",DK-CVR-20699310-DK19938,DK-CVR-20699310,21,Danish Refugee Council ,
drc-activities,DK-CVR-20699310-DF212759,"
        ",,NO-BRC-977538319,21,ACAPS,
drc-activities,DK-CVR-20699310-DF212759,"
        ",,,,iMMAP,
drc-activities,DK-CVR-20699310-DF212759,"
        ",,,21,Translators without borders,
drc-activities,DK-CVR-20699310-DF212759,"
        ",, GB-CHC-1178168,21,CDAC Network ,
drc-activities,DK-CVR-20699310-DK202628,"
        ",,DK-CVR-20699310,21,Danish Refugee Council,
drc-activities,DK-CVR-20699310-DK202628,,,,,,
drc-activities,DK-CVR-20699310-DK202691,"
        ",,DK-CVR-20699310,21,Danish Refugee Council,
drc-activities,DK-CVR-20699310-DK202691,,,,,,
drc-activities,DK-CVR-20699310-DK202691,,,,,,
drc-activities,DK-CVR-20699310-DK201710,"
        ",,DK-CVR-20699310,21,Danish Refugee Council,
drc-activities,DK-CVR-20699310-DK201710,,,,,,
drc-activities,DK-CVR-20699310-DK201710,,,,,,
drc-activities,DK-CVR-20699310-DK201710,"
        ",,DK-CVR-20699310,21,Danish Refugee Council,en
drc-activities,DK-CVR-20699310-DK201710,,,,,,
drc-activities,DK-CVR-20699310-DK201710,,,,,,
drc-activities,DK-CVR-20699310-DK201710,,,,,,
drc-activities,DK-CVR-20699310-DK201710,"
        ",,DK-CVR-20699310,21,Danish Refugee Council,en
drc-activities,DK-CVR-20699310-DK201707,,,,,,
drc-activities,DK-CVR-20699310-DK201707,,,,,,
drc-activities,DK-CVR-20699310-DK201707,"
        ",DK-CVR-20699310-DK2112467,DK-CVR-20699310,21,Danish Refugee Council ,
drc-activities,DK-CVR-20699310-DK201707,"
        ",DK-CVR-20699310-DK2112467,DK-CVR-20699310,21,Danish Refugee Council,
drc-activities,DK-CVR-20699310-DK201702,"
        ",,DK-CVR-20699310,21,Danish Refugee Council,
drc-activities,DK-CVR-20699310-DK201702,,,,,,
drc-activities,DK-CVR-20699310-DK201702,,,,,,
drc-activities,DK-CVR-20699310-DK201702,,,,,,
drc-activities,DK-CVR-20699310-DK201702,,,,,,
drc-activities,DK-CVR-20699310-DK201702,,,,,,
drc-activities,DK-CVR-20699310-DK201702,,,,,,
drc-activities,DK-CVR-20699310-DK201702,"
        ",DK-CVR-20699310-DK19938,DK-CVR-20699310,21,Danish Refugee Council ,
drc-activities,DK-CVR-20699310-DK201702,"
        ",DK-CVR-20699310-DK19938,DK-CVR-20699310,21,Danish Refugee Council,
drc-activities,DK-CVR-20699310-DK201706,"
        ",DK-CVR-20699310-DK2112467,DK-CVR-20699310,21,Danish Refugee Council ,
drc-activities,DK-CVR-20699310-DK201706,"
        ",,DK-CVR-20699310,21,Danish Refugee Council,
drc-activities,DK-CVR-20699310-DK201706,,,,,,
drc-activities,DK-CVR-20699310-DK201706,,,,,,
drc-activities,DK-CVR-20699310-DK201706,,,,,,
drc-activities,DK-CVR-20699310-DK201706,,,,,,
drc-activities,DK-CVR-20699310-DK201706,,,,,,
drc-activities,DK-CVR-20699310-DK201706,,,,,,
drc-activities,DK-CVR-20699310-DK201706,,,,,,
drc-activities,DK-CVR-20699310-DK201706,,,,,,
drc-activities,DK-CVR-20699310-DK1926,"
        ",DK-CVR-20699310-DK19938,DK-CVR-20699310,21,Danish Refugee Council ,
drc-activities,DK-CVR-20699310-DK1926,"
        ",DK-CVR-20699310-DK2112467,DK-CVR-20699310,21,Danish Refugee Council ,
drc-activities,DK-CVR-20699310-DK1926,"
        ",,DK-CVR-20699310,21,Danish Refugee Council,
drc-activities,DK-CVR-20699310-DK1926,,,,,,
drc-activities,DK-CVR-20699310-DK1926,,,,,,
drc-activities,DK-CVR-20699310-DK1926,,,,,,
drc-activities,DK-CVR-20699310-DK1926,,,,,,
drc-activities,DK-CVR-20699310-DK201691,"
        ",,DK-CVR-20699310,21,Danish Refugee Council,
drc-activities,DK-CVR-20699310-DK201691,,,,,,
drc-activities,DK-CVR-20699310-DK201691,,,,,,
drc-activities,DK-CVR-20699310-DK201691,,,,,,
drc-activities,DK-CVR-20699310-DK201691,"
        ",DK-CVR-20699310-DK19938,DK-CVR-20699310,21,Danish Refugee Council ,
drc-activities,DK-CVR-20699310-DK201691,"
        ",DK-CVR-20699310-DK19938,DK-CVR-20699310,21,Danish Refugee Council ,
drc-activities,DK-CVR-20699310-DK201832,"
        ",,DK-CVR-20699310,21,Danish Refugee Council,
drc-activities,DK-CVR-20699310-DK201832,,,,,,
drc-activities,DK-CVR-20699310-DK201832,,,,,,
drc-activities,DK-CVR-20699310-DK201832,,,,,,
drc-activities,DK-CVR-20699310-DK201832,,,,,,
drc-activities,DK-CVR-20699310-DK201832,,,,,,
drc-activities,DK-CVR-20699310-DK201832,"
        ",,DK-CVR-20699310,21,Danish Refugee Council,
drc-activities,DK-CVR-20699310-DK201832,"
        ",,DK-CVR-20699310,21,Danish Refugee Council,
drc-activities,DK-CVR-20699310-DK201684,"
        ",DK-CVR-20699310-DK19938,DK-CVR-20699310,21,Danish Refugee Council ,
drc-activities,DK-CVR-20699310-DK201684,"
        ",,DK-CVR-20699310,21,Danish Refugee Council,
drc-activities,DK-CVR-20699310-DK201684,,,,,,
drc-activities,DK-CVR-20699310-DK201684,,,,,,
drc-activities,DK-CVR-20699310-DK201684,,,,,,
drc-activities,DK-CVR-20699310-DK201684,"
        ",DK-CVR-20699310-DK19938,DK-CVR-20699310,21,Danish Refugee Council ,
drc-activities,DK-CVR-20699310-DK201712,,,,,,
drc-activities,DK-CVR-20699310-DK201712,,,,,,
drc-activities,DK-CVR-20699310-DK201712,,,,,,
drc-activities,DK-CVR-20699310-DK201712,,,,,,
drc-activities,DK-CVR-20699310-DK201712,,,,,,
drc-activities,DK-CVR-20699310-DK201712,,,,,,
drc-activities,DK-CVR-20699310-DK201712,"
        ",DK-CVR-20699310-DK19938,DK-CVR-20699310,21,Danish Refugee Council,
drc-activities,DK-CVR-20699310-DK201712,"
        ",DK-CVR-20699310-DK19938,DK-CVR-20699310,21,Danish Refugee Council,
drc-activities,DK-CVR-20699310-DK201715,"
        ",,DK-CVR-20699310,21,Danish Refugee Council,
drc-activities,DK-CVR-20699310-DK201715,,,,,,
drc-activities,DK-CVR-20699310-DK201715,,,,,,
drc-activities,DK-CVR-20699310-DK201715,,,,,,
drc-activities,DK-CVR-20699310-DK201715,"
        ",,DK-CVR-20699310,21,Danish Refugee Council,
drc-activities,DK-CVR-20699310-DK201715,,,,,,
drc-activities,DK-CVR-20699310-DK201715,,,,,,
drc-activities,DK-CVR-20699310-DK201715,,,,,,
drc-activities,DK-CVR-20699310-DK201715,"
        ",,DK-CVR-20699310,21,Danish Refugee Council,
drc-activities,DK-CVR-20699310-DK201709,"
        ",,DK-CVR-20699310,21,Danish Refugee Council,
drc-activities,DK-CVR-20699310-DK201709,,,,,,
drc-activities,DK-CVR-20699310-DK201709,,,,,,
drc-activities,DK-CVR-20699310-DK201709,"
        ",DK-CVR-20699310-DK2112467,DK-CVR-20699310,21,Danish Refugee Council,
drc-activities,DK-CVR-20699310-DK201709,,,,,,
drc-activities,DK-CVR-20699310-DK201709,"
        ",DK-CVR-20699310-DK2112467,DK-CVR-20699310,21,Danish Refugee Council ,
drc-activities,DK-CVR-20699310-DK201705,"
        ",,DK-CVR-20699310,21,Danish Refugee Council,
drc-activities,DK-CVR-20699310-DK201705,,,,,,
drc-activities,DK-CVR-20699310-DK201705,,,,,,
drc-activities,DK-CVR-20699310-DK201705,,,,,,
drc-activities,DK-CVR-20699310-DK201705,,,,,,
drc-activities,DK-CVR-20699310-DK201705,,,,,,
drc-activities,DK-CVR-20699310-DK201705,"
        ",DK-CVR-20699310-DK2112467,DK-CVR-20699310,21,Danish Refugee Council,
drc-activities,DK-CVR-20699310-DK201705,"
        ",DK-CVR-20699310-DK2112467,DK-CVR-20699310,21,Danish Refugee Council,
drc-activities,DK-CVR-20699310-DK201696,"
        ",,DK-CVR-20699310,21,Danish Refugee Council,
drc-activities,DK-CVR-20699310-DK201696,,,,,,
drc-activities,DK-CVR-20699310-DK201696,,,,,,
drc-activities,DK-CVR-20699310-DK201696,,,,,,
drc-activities,DK-CVR-20699310-DK201696,,,,,,
drc-activities,DK-CVR-20699310-DK201696,"
        ",DK-CVR-20699310-DK19938,DK-CVR-20699310,21,Danish Refugee Council ,
drc-activities,DK-CVR-20699310-DK201696,,,,,,
drc-activities,DK-CVR-20699310-DK201696,"
        ",DK-CVR-20699310-DK19938,DK-CVR-20699310,21,Danish Refugee Council ,
